item_code,festival_code,city_code,price,discount_percent,stock_available,advertisement,last_year_units_sold,sale_result
2,1,1,1641.0,25,521.0,0,152.0,Medium
6,1,1,302.0,20,588.0,1,389.0,High
1,1,2,551.0,25,417.0,1,210.0,High
2,3,1,2759.0,20,236.0,1,268.0,High
3,1,2,642.0,10,95.0,0,36.0,Medium
3,4,1,896.0,25,598.0,0,344.0,High
8,1,2,1374.0,25,380.0,0,11.0,Low
7,4,2,2605.0,30,20.0,1,251.0,Medium
8,1,2,3462.0,15,281.0,0,496.0,Low
8,5,1,1968.0,0,262.0,1,429.0,Low
1,5,1,3077.0,30,133.0,0,342.0,Low
2,2,1,1463.0,5,171.0,0,207.0,Low
7,1,2,9999999.0,40,215.0,0,72.0,High
1,1,1,894.0,25,178.0,1,48.0,High
2,1,1,4492.0,25,205.0,1,134.0,Medium
2,4,1,1402.0,30,206.0,0,364.0,Low
8,1,1,3134.0,40,214.0,0,481.0,Medium
3,1,1,1071.0,25,207.0,1,474.0,High
3,1,1,1350.0,0,89.0,1,170.0,Medium
2,5,1,1357.0,25,521.0,0,203.0,Low
4,4,1,2394.0,15,347.0,0,278.0,Low
5,2,1,292.0,40,458.0,0,312.0,Medium
7,5,1,2202.0,30,61.0,1,314.0,Low
5,2,1,2803.0,20,166.0,0,21.0,Low
8,3,1,744.0,15,,0,185.0,High
1,4,1,204.0,30,413.0,1,369.0,High
4,3,2,3019.0,5,291.0,0,95.0,Low
5,2,1,1257.0,20,547.0,0,84.0,Low
6,1,1,1711.0,25,495.0,1,489.0,High
1,2,1,1305.0,5,140.0,0,172.0,Low
2,5,1,1323.0,5,171.0,1,148.0,Low
4,1,2,915.0,5,395.0,0,443.0,Medium
1,5,1,3356.0,20,331.0,0,202.0,Low
8,1,1,1471.0,10,159.0,1,31.0,Low
6,2,1,2598.0,40,416.0,0,138.0,Medium
7,4,2,2165.0,40,50.0,0,157.0,Medium
5,3,2,1950.0,20,117.0,1,177.0,Low
5,5,1,1157.0,30,181.0,1,262.0,Low
3,1,2,727.0,15,359.0,1,416.0,Medium
3,5,1,701.0,40,200.0,0,123.0,Low
2,4,2,1100.0,0,320.0,0,184.0,Low
2,5,2,2566.0,25,39.0,0,256.0,Low
7,2,2,1656.0,0,143.0,0,483.0,Medium
4,5,1,1843.0,0,481.0,1,105.0,Low
7,4,1,2989.0,10,146.0,1,461.0,Medium
3,1,2,702.0,30,265.0,0,301.0,High
6,4,2,2489.0,40,284.0,1,69.0,High
7,2,1,2228.0,0,591.0,1,216.0,Medium
7,1,1,1184.0,5,523.0,0,306.0,High
2,5,2,1240.0,25,212.0,0,486.0,Low
3,4,1,1083.0,25,104.0,0,379.0,High
3,1,2,1661.0,40,208.0,1,165.0,Medium
7,5,2,1238.0,30,220.0,0,227.0,Low
7,3,2,2394.0,10,209.0,0,373.0,Low
4,1,2,1530.0,25,24.0,0,255.0,Low
3,3,2,1720.0,10,504.0,0,174.0,Low
1,1,1,1889.0,10,301.0,1,440.0,High
3,3,1,1346.0,5,56.0,1,50.0,Medium
2,2,1,1318.0,0,560.0,0,102.0,Low
1,2,1,1185.0,20,41.0,1,386.0,Medium
7,3,2,711.0,0,580.0,1,491.0,Low
4,5,1,2519.0,30,223.0,0,114.0,Low
8,2,1,1373.0,20,310.0,0,220.0,Medium
3,5,1,1839.0,40,253.0,0,296.0,Low
4,1,1,880.0,25,300.0,1,478.0,Medium
8,1,1,2509.0,15,70.0,1,443.0,Medium
5,1,1,3549.0,10,266.0,0,104.0,High
3,4,1,4714.0,30,160.0,0,458.0,High
3,4,1,2138.0,40,272.0,1,271.0,High
7,3,1,1664.0,30,280.0,1,62.0,Low
3,4,2,1960.0,20,375.0,0,117.0,High
4,3,1,1451.0,5,463.0,1,179.0,Medium
4,4,2,1379.0,0,465.0,1,349.0,Low
4,1,1,2007.0,10,304.0,1,149.0,Low
4,2,2,1776.0,30,35.0,1,326.0,High
8,4,1,468.0,15,268.0,0,386.0,Medium
2,2,2,1215.0,15,228.0,0,415.0,Low
8,2,1,2148.0,0,458.0,0,63.0,Medium
2,5,2,989.0,5,90.0,1,475.0,Low
1,1,1,3103.0,5,106.0,1,201.0,High
3,3,1,1719.0,25,317.0,1,233.0,Medium
2,2,1,2612.0,25,259.0,1,24.0,Low
6,3,2,2261.0,25,113.0,1,32.0,Low
2,3,1,2436.0,30,41.0,0,260.0,High
2,1,1,1200.0,5,441.0,1,440.0,Medium
8,3,1,5495.0,25,89.0,0,380.0,High
7,5,1,3114.0,30,269.0,1,15.0,Low
5,4,1,1107.0,40,111.0,0,307.0,High
8,5,1,1797.0,5,493.0,1,203.0,Low
3,3,1,3568.0,30,164.0,1,200.0,Medium
1,3,1,1236.0,30,93.0,0,368.0,Medium
7,4,2,4621.0,10,191.0,1,303.0,Medium
1,2,1,2359.0,5,367.0,1,409.0,Medium
3,4,2,2348.0,20,172.0,0,92.0,High
4,4,1,1488.0,10,114.0,0,415.0,Low
6,4,2,859.0,30,402.0,0,197.0,Medium
1,1,2,487.0,40,533.0,0,369.0,High
2,2,1,3877.0,10,224.0,1,319.0,Low
1,5,1,1414.0,40,507.0,0,192.0,Low
1,1,2,315.0,30,320.0,1,41.0,High
2,2,1,3305.0,30,377.0,0,447.0,Medium
6,1,1,471.0,25,29.0,0,235.0,High
5,2,1,1369.0,15,,0,115.0,Low
3,5,2,1255.0,30,68.0,0,88.0,Low
6,5,2,1471.0,10,278.0,0,335.0,Low
3,4,2,2060.0,10,82.0,1,316.0,High
8,1,2,4781.0,0,565.0,0,135.0,Low
3,1,1,1401.0,5,121.0,1,223.0,Medium
6,2,1,1074.0,40,484.0,0,393.0,High
3,4,1,4384.0,30,232.0,0,308.0,High
5,1,1,3658.0,0,223.0,1,371.0,High
5,2,2,2219.0,10,449.0,0,414.0,Low
8,1,1,2343.0,10,420.0,1,11.0,Low
3,1,1,1852.0,10,151.0,0,236.0,Medium
1,3,1,2534.0,30,451.0,1,494.0,Medium
4,1,2,3394.0,20,109.0,1,493.0,Medium
5,5,1,1151.0,5,234.0,0,59.0,Low
2,3,1,1796.0,30,505.0,1,423.0,High
8,2,1,1749.0,20,393.0,1,140.0,High
5,3,1,353.0,30,310.0,1,115.0,Medium
4,5,1,3501.0,5,181.0,1,373.0,Low
5,5,1,403.0,40,595.0,0,135.0,Low
5,5,1,3026.0,30,505.0,1,311.0,Low
4,1,2,1208.0,5,43.0,1,132.0,Medium
5,3,1,3185.0,25,591.0,0,484.0,Medium
4,4,2,578.0,5,42.0,0,466.0,Low
8,5,2,934.0,5,450.0,0,51.0,Low
8,1,1,1577.0,30,237.0,1,197.0,Medium
5,4,2,1722.0,0,141.0,1,433.0,Medium
1,2,2,1272.0,5,585.0,0,212.0,Medium
3,2,2,1101.0,25,248.0,0,481.0,High
3,5,2,2283.0,30,258.0,1,76.0,Low
6,1,1,683.0,40,57.0,1,35.0,High
5,5,1,3527.0,5,44.0,1,495.0,Low
2,4,2,2895.0,10,453.0,0,217.0,Low
5,3,2,1499.0,20,460.0,1,143.0,Low
1,2,2,1780.0,5,318.0,0,129.0,Low
1,5,1,1263.0,25,309.0,1,217.0,Low
1,5,2,1647.0,15,558.0,1,470.0,Low
2,4,2,2433.0,25,89.0,1,343.0,Low
8,5,1,1795.0,10,414.0,0,31.0,Low
1,2,1,3148.0,20,404.0,0,250.0,Medium
5,5,1,3570.0,15,485.0,1,254.0,Low
1,1,2,1582.0,40,337.0,0,278.0,High
1,5,2,1650.0,15,45.0,0,301.0,Low
3,4,1,4112.0,15,415.0,0,32.0,Medium
2,3,1,1025.0,0,49.0,0,338.0,High
4,5,1,6613.0,5,395.0,0,490.0,Low
1,5,1,212.0,30,87.0,1,57.0,Low
7,4,1,1606.0,30,295.0,0,232.0,Medium
4,2,1,900.0,25,69.0,1,222.0,High
1,5,2,988.0,5,37.0,1,285.0,Low
1,2,2,1413.0,30,265.0,0,197.0,Medium
6,5,1,2032.0,0,549.0,0,152.0,Low
3,5,1,1763.0,10,325.0,1,212.0,Low
4,4,1,604.0,0,194.0,1,19.0,Low
6,2,2,1338.0,5,268.0,0,371.0,Medium
5,2,1,2258.0,0,308.0,0,129.0,Low
6,1,2,4000.0,30,256.0,0,189.0,Medium
2,1,2,3202.0,20,529.0,0,176.0,Medium
7,5,2,335.0,30,68.0,1,111.0,Low
7,5,2,401.0,25,43.0,1,34.0,Low
5,2,1,276.0,30,505.0,1,81.0,Medium
4,1,1,754.0,0,485.0,0,158.0,Low
3,1,2,2459.0,30,497.0,1,207.0,Medium
4,1,2,2754.0,30,501.0,1,55.0,Low
7,1,2,1438.0,30,158.0,0,104.0,High
5,2,1,3511.0,10,561.0,1,122.0,Low
2,1,1,613.0,10,303.0,0,341.0,Medium
3,5,1,2138.0,0,323.0,1,378.0,Low
2,4,2,1846.0,40,29.0,0,116.0,Low
4,3,1,2040.0,30,463.0,0,222.0,High
3,3,2,1647.0,30,105.0,1,137.0,Medium
2,1,1,4469.0,15,548.0,0,398.0,Medium
6,5,1,762.0,30,579.0,0,88.0,Low
6,3,1,569.0,20,334.0,1,68.0,Medium
3,4,1,2683.0,40,218.0,0,488.0,High
1,1,1,1958.0,15,427.0,0,303.0,High
4,3,1,508.0,20,533.0,0,24.0,Medium
3,1,1,5102.0,40,352.0,0,478.0,High
4,3,1,3203.0,30,435.0,0,465.0,Medium
2,3,1,1239.0,20,224.0,1,203.0,High
1,4,2,1630.0,15,490.0,0,333.0,Medium
2,3,2,4170.0,10,219.0,0,286.0,High
7,1,1,3424.0,25,246.0,1,410.0,High
5,1,1,1278.0,10,322.0,0,381.0,High
5,4,2,3752.0,40,352.0,0,147.0,Medium
2,2,2,2484.0,40,196.0,1,30.0,Medium
6,2,1,1695.0,15,276.0,1,462.0,Medium
7,3,1,980.0,25,173.0,1,444.0,Medium
8,1,1,1965.0,0,155.0,1,94.0,Low
3,1,1,2433.0,0,425.0,0,345.0,Medium
1,4,1,969.0,10,354.0,0,307.0,High
8,5,1,497.0,25,118.0,1,390.0,Low
8,4,2,,40,279.0,1,60.0,Medium
5,2,2,506.0,25,59.0,0,255.0,Medium
8,2,1,1914.0,25,501.0,1,67.0,Medium
1,1,2,3363.0,40,234.0,1,282.0,High
5,3,1,2518.0,25,393.0,1,373.0,Medium
5,4,1,516.0,40,132.0,0,396.0,High
2,1,2,712.0,25,403.0,1,278.0,Medium
2,3,2,4620.0,30,174.0,1,245.0,High
5,5,1,1840.0,20,351.0,0,47.0,Low
4,4,2,,40,306.0,1,129.0,Medium
5,3,2,1044.0,15,266.0,0,114.0,Low
2,5,2,1168.0,10,263.0,1,215.0,Low
4,4,2,3587.0,25,570.0,0,181.0,Low
3,2,1,1761.0,10,565.0,1,74.0,High
5,1,1,2624.0,0,273.0,1,130.0,High
5,2,2,649.0,0,459.0,0,368.0,Low
4,3,1,3210.0,25,140.0,0,262.0,Medium
5,2,2,1352.0,40,211.0,0,149.0,Low
3,3,2,977.0,10,156.0,0,324.0,Low
1,4,1,3532.0,40,31.0,1,29.0,High
6,2,2,907.0,5,234.0,1,114.0,Medium
8,1,1,1564.0,10,158.0,0,340.0,Low
5,1,2,2200.0,10,325.0,0,135.0,Medium
2,2,1,1439.0,20,511.0,0,291.0,Low
4,4,2,2857.0,25,412.0,0,106.0,Low
4,4,1,978.0,0,271.0,1,386.0,Low
4,2,2,1462.0,30,126.0,1,485.0,High
2,3,1,240.0,25,327.0,0,396.0,High
7,1,1,971.0,0,243.0,1,456.0,High
4,3,1,408.0,5,537.0,0,306.0,Medium
1,5,1,1579.0,5,577.0,0,362.0,Low
7,2,2,1104.0,20,426.0,0,411.0,Medium
1,3,2,1802.0,30,340.0,0,207.0,Medium
2,1,2,2322.0,0,166.0,0,137.0,Low
4,4,1,2827.0,30,397.0,1,484.0,Medium
7,1,2,3883.0,0,485.0,0,369.0,High
6,2,1,1992.0,15,323.0,0,436.0,Medium
5,3,1,2673.0,15,278.0,0,369.0,Low
4,5,1,1781.0,5,257.0,0,324.0,Low
6,3,1,2300.0,25,211.0,1,405.0,Medium
8,1,2,1858.0,10,406.0,0,78.0,Low
8,1,2,3430.0,30,285.0,1,410.0,Medium
7,1,1,2634.0,25,329.0,0,112.0,High
5,5,1,1318.0,40,62.0,1,383.0,Low
2,4,2,723.0,10,259.0,0,328.0,Low
2,3,1,918.0,15,395.0,1,20.0,High
3,1,1,3897.0,0,474.0,0,302.0,Medium
6,4,2,3814.0,0,381.0,1,273.0,Medium
2,2,1,1073.0,10,446.0,0,280.0,Low
6,2,2,2135.0,20,314.0,1,437.0,High
7,5,1,5807.0,10,164.0,0,66.0,Low
7,5,2,3502.0,30,449.0,0,159.0,Low
3,2,1,696.0,15,80.0,1,55.0,High
2,2,2,1885.0,15,183.0,1,279.0,Low
8,4,1,1760.0,40,31.0,0,256.0,Medium
2,1,2,2645.0,40,144.0,0,448.0,Medium
6,3,1,378.0,0,596.0,0,410.0,Low
8,1,2,939.0,5,393.0,1,325.0,Low
8,2,1,3333.0,15,283.0,1,483.0,High
5,2,1,893.0,0,364.0,0,47.0,Low
4,2,2,3127.0,20,226.0,0,294.0,High
2,5,1,1885.0,40,246.0,1,77.0,Low
6,4,1,896.0,40,265.0,1,182.0,High
4,3,1,870.0,5,77.0,0,320.0,Medium
3,3,1,1371.0,20,531.0,1,376.0,Medium
4,4,1,1731.0,10,367.0,0,364.0,Low
2,3,1,3599.0,40,377.0,0,32.0,High
2,4,1,593.0,25,310.0,0,372.0,Low
4,3,2,1975.0,30,234.0,0,459.0,High
5,1,1,653.0,20,578.0,0,334.0,High
3,4,1,2286.0,0,580.0,0,320.0,Medium
1,4,2,1419.0,40,475.0,1,64.0,High
3,3,2,3071.0,5,57.0,1,97.0,Medium
1,2,1,5018.0,25,63.0,0,157.0,Medium
1,5,2,882.0,15,306.0,1,480.0,Low
3,3,1,1511.0,15,114.0,1,212.0,Medium
5,5,1,3324.0,40,217.0,1,400.0,Low
3,3,2,725.0,40,24.0,1,207.0,High
1,3,1,1870.0,0,54.0,1,47.0,Low
5,3,1,1993.0,15,459.0,1,395.0,Medium
8,3,1,234.0,25,559.0,0,33.0,High
8,1,1,1433.0,40,32.0,0,90.0,Medium
8,1,2,1824.0,15,388.0,0,30.0,Low
2,4,1,496.0,30,165.0,0,72.0,Low
7,1,1,2964.0,0,328.0,0,223.0,High
2,5,1,1256.0,5,518.0,0,371.0,Low
3,4,1,3957.0,25,74.0,0,129.0,High
2,4,1,1460.0,40,455.0,1,440.0,Medium
7,2,1,1512.0,30,335.0,0,379.0,Medium
1,1,1,1620.0,40,275.0,0,20.0,High
5,3,2,2159.0,10,403.0,1,297.0,Low
2,2,1,6996.0,5,476.0,1,21.0,Low
8,2,2,1848.0,0,456.0,0,186.0,Low
2,5,1,412.0,25,512.0,1,354.0,Low
4,1,1,2390.0,25,354.0,1,486.0,Medium
8,4,1,1349.0,20,553.0,0,430.0,Medium
5,5,1,1021.0,40,538.0,1,237.0,Low
7,3,1,3084.0,5,123.0,0,321.0,Low
8,4,1,1099.0,40,283.0,0,192.0,Medium
2,3,1,1175.0,10,237.0,0,219.0,High
6,1,1,4598.0,40,181.0,1,252.0,High
7,2,1,1196.0,25,583.0,0,324.0,Medium
7,4,2,487.0,25,357.0,1,350.0,High
1,3,1,3160.0,15,170.0,0,176.0,Low
8,2,1,3061.0,5,304.0,0,426.0,Medium
6,3,2,1092.0,0,544.0,0,444.0,Low
3,4,1,3391.0,25,90000.0,0,220.0,High
3,3,1,2101.0,25,165.0,1,328.0,Medium
3,5,1,1852.0,40,350.0,0,414.0,Low
3,4,2,1920.0,25,494.0,1,208.0,High
8,5,2,2406.0,40,215.0,0,170.0,Low
2,4,2,1413.0,15,202.0,1,288.0,Low
2,4,1,1118.0,10,513.0,0,150.0,Low
5,2,1,1672.0,5,249.0,0,401.0,Low
6,3,1,376.0,0,203.0,0,267.0,Low
8,4,1,1308.0,20,75.0,1,459.0,Medium
7,4,1,1919.0,5,442.0,1,422.0,Medium
7,2,1,452.0,25,311.0,1,410.0,High
3,1,2,3261.0,30,346.0,0,137.0,Medium
7,2,1,1250.0,15,248.0,0,327.0,Medium
6,2,2,1420.0,5,467.0,0,159.0,Medium
5,5,2,472.0,20,237.0,0,73.0,Low
6,1,1,1501.0,0,229.0,1,474.0,Medium
8,1,1,1475.0,40,449.0,0,72.0,Low
7,4,1,1033.0,20,206.0,1,22.0,Medium
7,2,2,2746.0,0,233.0,1,352.0,Medium
7,5,2,1565.0,20,592.0,0,319.0,Low
6,1,1,1116.0,30,191.0,1,391.0,High
3,5,1,2403.0,5,124.0,0,41.0,Low
8,3,2,2459.0,5,304.0,0,43.0,Medium
7,2,1,2784.0,0,525.0,0,465.0,Medium
1,2,1,1722.0,10,532.0,0,296.0,Medium
1,1,1,1877.0,15,537.0,1,182.0,High
2,2,2,420.0,0,254.0,0,163.0,Low
4,5,1,3461.0,10,477.0,1,315.0,Low
8,5,2,183.0,30,582.0,0,342.0,Low
7,3,1,2265.0,15,495.0,1,51.0,Low
2,2,1,2728.0,20,339.0,0,498.0,Medium
6,1,2,232.0,25,44.0,1,483.0,High
1,2,1,4939.0,15,306.0,1,332.0,Medium
1,4,1,767.0,25,353.0,0,19.0,High
4,5,1,613.0,5,415.0,1,248.0,Low
4,4,2,3667.0,40,33.0,0,433.0,Medium
6,2,1,1142.0,15,345.0,1,312.0,High
1,3,2,3384.0,15,450.0,0,443.0,Low
5,3,1,378.0,30,182.0,1,390.0,Medium
6,1,1,622.0,0,513.0,0,203.0,Medium
5,1,1,580.0,0,113.0,1,228.0,High
1,4,1,2303.0,20,99.0,1,33.0,High
6,4,1,1710.0,5,508.0,0,76.0,Medium
1,2,1,238.0,20,372.0,0,67.0,Medium
7,2,1,3561.0,40,95.0,1,390.0,High
6,1,1,1978.0,10,596.0,0,237.0,Medium
1,4,2,2507.0,10,425.0,0,452.0,Medium
4,2,2,1359.0,0,356.0,0,208.0,High
8,2,1,1105.0,40,414.0,0,258.0,Medium
1,2,2,1390.0,30,190.0,0,155.0,Low
5,3,1,1236.0,10,529.0,1,351.0,Low
1,3,2,2202.0,5,40.0,0,280.0,Low
8,5,1,3165.0,20,558.0,0,467.0,Low
2,3,2,2836.0,10,178.0,0,279.0,Medium
4,5,1,1954.0,5,340.0,0,19.0,Low
5,4,2,1015.0,10,,0,410.0,Medium
3,1,2,752.0,10,357.0,0,254.0,Medium
3,3,2,430.0,20,427.0,0,87.0,Medium
2,1,1,1947.0,15,529.0,0,191.0,Low
8,2,1,530.0,40,379.0,1,230.0,High
6,2,1,885.0,25,167.0,0,289.0,High
3,4,1,2740.0,5,574.0,0,12.0,Medium
1,4,1,4378.0,0,375.0,1,154.0,Medium
4,4,1,1687.0,25,575.0,0,47.0,Low
7,1,1,8570.0,40,31.0,0,480.0,High
7,2,1,3738.0,25,477.0,1,274.0,Medium
2,1,1,1635.0,0,204.0,0,37.0,Low
6,5,1,727.0,10,468.0,0,186.0,Low
1,2,2,775.0,20,77.0,0,90.0,Medium
4,2,2,913.0,20,262.0,1,141.0,High
6,1,1,1112.0,15,62.0,1,49.0,Medium
1,4,1,1857.0,5,532.0,0,20.0,Medium
5,4,1,2361.0,0,405.0,0,135.0,Medium
2,5,1,861.0,40,214.0,1,366.0,Low
2,3,1,2258.0,30,391.0,0,159.0,High
7,2,1,1348.0,25,379.0,1,113.0,Medium
1,3,2,4599.0,10,425.0,0,239.0,Low
7,2,1,2458.0,10,543.0,1,203.0,Medium
3,4,2,1129.0,20,276.0,1,486.0,High
6,4,1,633.0,10,451.0,0,53.0,Medium
7,1,2,1962.0,5,71.0,1,67.0,High
8,4,1,673.0,5,121.0,1,380.0,Medium
3,3,2,1866.0,20,229.0,1,124.0,Medium
8,5,1,2537.0,30,23.0,0,337.0,Low
7,2,2,1386.0,5,138.0,0,458.0,Medium
8,4,2,1575.0,0,429.0,1,264.0,Low
8,2,2,261.0,5,202.0,0,98.0,Medium
8,3,1,1004.0,25,203.0,1,470.0,High
7,1,2,1003.0,20,180.0,1,121.0,High
3,5,2,693.0,0,98.0,1,256.0,Low
8,4,1,1184.0,30,260.0,0,316.0,Medium
8,2,1,548.0,25,353.0,0,325.0,Medium
4,3,2,1259.0,25,388.0,1,413.0,High
1,5,1,949.0,15,105.0,1,160.0,Low
8,2,1,3947.0,5,498.0,0,420.0,Medium
6,5,1,2559.0,0,407.0,1,484.0,Low
2,3,1,869.0,5,185.0,0,107.0,Medium
2,1,2,5272.0,25,82.0,0,40.0,Medium
2,4,2,2230.0,40,122.0,0,206.0,Low
4,1,1,2195.0,30,128.0,0,339.0,Medium
6,2,1,3262.0,10,455.0,0,81.0,Medium
2,4,1,442.0,20,190.0,1,149.0,Low
8,5,2,955.0,25,536.0,0,176.0,Low
1,5,1,3300.0,0,428.0,1,497.0,Low
6,2,1,478.0,40,427.0,0,291.0,High
6,3,1,1683.0,40,598.0,0,447.0,Medium
5,5,1,7314.0,20,101.0,0,293.0,Low
6,2,1,438.0,0,25.0,1,393.0,High
7,4,1,765.0,20,113.0,1,385.0,High
4,5,2,,30,438.0,0,112.0,Low
3,3,2,2807.0,25,534.0,1,48.0,Medium
4,3,2,1382.0,30,44.0,0,317.0,Medium
8,5,2,684.0,30,255.0,0,416.0,Low
6,5,1,672.0,30,121.0,1,306.0,Medium
1,1,2,2244.0,40,40.0,0,215.0,High
8,3,1,2970.0,25,21.0,0,320.0,High
2,3,2,4011.0,15,484.0,1,249.0,High
3,5,1,801.0,10,485.0,1,355.0,Low
7,3,1,2494.0,40,178.0,1,272.0,Medium
5,1,1,645.0,15,389.0,1,187.0,High
5,5,2,501.0,20,356.0,0,127.0,Low
1,3,2,2144.0,25,534.0,1,134.0,Medium
7,4,2,282.0,10,40.0,1,46.0,Medium
4,1,1,1862.0,25,267.0,0,86.0,Low
4,1,2,964.0,10,204.0,0,244.0,Medium
6,5,2,960.0,40,261.0,1,30.0,Low
1,5,1,2189.0,25,586.0,0,88.0,Low
4,1,1,1555.0,40,99.0,1,464.0,Medium
5,5,2,3678.0,30,179.0,1,303.0,Low
5,3,2,2453.0,10,71.0,1,256.0,Low
6,3,1,4577.0,20,210.0,0,133.0,Low
4,2,2,635.0,30,484.0,0,287.0,High
1,5,2,816.0,10,357.0,0,465.0,Low
2,2,2,1337.0,40,464.0,0,299.0,Medium
5,3,1,3390.0,25,56.0,0,172.0,Low
1,1,2,2908.0,30,230.0,0,78.0,High
6,5,1,1761.0,0,442.0,0,56.0,Low
6,1,1,497.0,30,28.0,0,391.0,High
8,4,2,2293.0,15,300.0,0,415.0,Low
1,5,1,4412.0,0,560.0,1,158.0,Low
6,4,1,2168.0,20,245.0,1,61.0,Medium
2,4,1,1300.0,10,36.0,0,439.0,Low
5,3,1,986.0,20,52.0,1,13.0,Low
7,1,1,348.0,40,423.0,0,397.0,High
6,5,1,4532.0,40,187.0,1,408.0,Low
7,5,2,753.0,40,273.0,0,308.0,Low
4,2,1,1616.0,10,430.0,1,90.0,High
4,5,2,2053.0,30,324.0,0,,Low
5,1,1,1441.0,5,51.0,0,242.0,High
3,4,2,778.0,15,31.0,0,381.0,High
4,2,2,1679.0,25,425.0,1,53.0,High
3,5,1,5590.0,10,104.0,1,100.0,Low
5,2,1,2051.0,40,365.0,1,423.0,Medium
7,1,2,644.0,40,560.0,0,158.0,High
6,1,1,1234.0,15,419.0,1,276.0,High
4,4,2,2967.0,30,45.0,1,30.0,Low
6,5,1,4658.0,0,135.0,1,328.0,Low
2,3,1,275.0,10,250.0,0,207.0,High
7,3,1,2260.0,15,293.0,0,257.0,Low
4,1,1,2413.0,5,367.0,1,11.0,Low
2,2,2,1346.0,0,88.0,1,45.0,Low
3,3,1,440.0,20,47.0,0,111.0,Medium
2,5,2,890.0,30,303.0,0,51.0,Low
4,1,1,811.0,25,180.0,1,376.0,Medium
3,5,1,1605.0,30,358.0,0,166.0,Low
4,3,1,796.0,25,319.0,0,341.0,High
8,3,2,806.0,40,490.0,0,101.0,High
7,4,1,980.0,30,297.0,1,379.0,Medium
6,5,2,3279.0,40,346.0,0,350.0,Low
7,2,2,4962.0,5,195.0,1,20.0,Low
2,2,2,1664.0,25,121.0,0,229.0,Medium
6,4,2,1678.0,25,82.0,1,249.0,Medium
3,4,1,4303.0,0,182.0,1,111.0,Medium
7,2,1,2016.0,10,517.0,0,489.0,Medium
6,5,1,1777.0,25,177.0,1,282.0,Low
8,1,1,928.0,25,366.0,0,330.0,Medium
2,5,2,906.0,40,353.0,1,350.0,Low
2,2,1,1452.0,25,559.0,0,35.0,Low
6,1,2,353.0,10,433.0,0,,Medium
8,3,1,1004.0,15,74.0,1,26.0,High
8,4,2,1780.0,25,112.0,0,97.0,Low
7,3,1,2077.0,15,586.0,1,219.0,Low
8,4,2,1502.0,20,538.0,1,275.0,Medium
1,5,1,2922.0,25,229.0,0,425.0,Low
4,1,1,1219.0,40,595.0,1,212.0,Medium
2,1,2,1257.0,40,139.0,0,52.0,Medium
3,3,2,3405.0,40,222.0,0,367.0,Medium
6,3,2,3856.0,0,534.0,0,275.0,Low
2,1,1,2327.0,15,179.0,0,288.0,Medium
7,3,2,3086.0,5,128.0,0,122.0,Low
2,5,1,2898.0,20,443.0,1,450.0,Low
2,3,1,2417.0,30,123.0,0,20.0,High
1,5,1,1278.0,20,194.0,0,313.0,Low
4,5,1,3433.0,10,393.0,0,35.0,Low
7,2,2,2095.0,5,92.0,1,,Medium
1,4,1,4830.0,40,274.0,1,374.0,High
3,4,1,1402.0,20,246.0,1,358.0,High
7,1,2,2230.0,10,595.0,1,348.0,High
2,4,1,1553.0,30,263.0,1,45.0,Low
3,3,1,1615.0,30,179.0,0,245.0,Medium
8,1,1,836.0,15,298.0,0,287.0,Low
8,4,2,1579.0,30,170.0,0,27.0,Low
2,4,1,1958.0,40,142.0,0,499.0,Medium
1,5,1,974.0,40,111.0,1,455.0,Low
2,5,2,1053.0,20,472.0,1,61.0,Low
8,3,1,2489.0,20,389.0,0,222.0,High
3,2,2,2542.0,20,314.0,1,313.0,High
1,5,2,2684.0,40,333.0,0,55.0,Low
7,1,1,2124.0,5,202.0,0,69.0,High
2,2,1,1876.0,0,229.0,0,369.0,Low
1,5,1,2456.0,0,171.0,0,316.0,Low
6,2,2,339.0,15,334.0,0,216.0,Medium
2,4,1,824.0,25,569.0,0,435.0,Medium
7,4,1,1314.0,15,315.0,0,250.0,Medium
8,4,2,1554.0,10,301.0,1,445.0,Medium
3,5,1,3056.0,10,441.0,1,66.0,Low
8,4,2,3689.0,20,122.0,1,374.0,Medium
7,5,1,5604.0,5,369.0,1,266.0,Low
6,1,2,2772.0,25,459.0,1,281.0,High
5,5,2,1184.0,15,401.0,0,391.0,Low
2,4,1,2433.0,20,502.0,1,335.0,Low
5,5,2,1496.0,30,450.0,0,20.0,Low
6,1,2,519.0,25,327.0,0,348.0,High
3,3,1,2992.0,0,236.0,0,171.0,Low
8,1,1,549.0,10,269.0,1,296.0,Low
4,2,1,1609.0,5,281.0,0,331.0,High
6,3,2,5618.0,25,348.0,1,215.0,Low
4,2,1,1158.0,40,589.0,0,390.0,High
5,3,1,2230.0,0,52.0,0,337.0,Low
3,5,1,2226.0,40,287.0,1,36.0,Low
6,1,1,801.0,20,489.0,0,351.0,Medium
6,2,1,1930.0,0,589.0,1,415.0,Medium
8,2,1,2094.0,0,115.0,0,111.0,Low
5,2,1,3602.0,20,589.0,0,108.0,Low
4,4,1,3598.0,5,153.0,0,498.0,Low
4,1,1,1448.0,30,256.0,1,65.0,Medium
6,4,1,2130.0,30,328.0,0,499.0,High
4,4,1,1295.0,15,420.0,0,161.0,Low
5,3,2,4044.0,5,262.0,0,428.0,Low
2,3,1,741.0,30,383.0,0,295.0,High
5,1,2,1406.0,25,204.0,0,135.0,High
5,1,2,1390.0,20,443.0,1,169.0,High
4,4,2,2404.0,30,438.0,0,,Low
8,5,2,492.0,40,,0,375.0,Low
4,1,2,1278.0,10,125.0,1,474.0,Medium
5,2,1,3284.0,30,324.0,1,468.0,Medium
1,4,2,1085.0,30,499.0,1,340.0,High
7,3,1,2261.0,20,391.0,0,407.0,Low
7,4,1,648.0,5,43.0,0,456.0,Medium
8,1,2,3958.0,5,572.0,0,188.0,Low
5,4,2,4006.0,40,353.0,0,137.0,Medium
5,5,1,1808.0,15,397.0,1,283.0,Low
6,3,2,912.0,40,149.0,1,226.0,Low
3,1,2,2592.0,30,364.0,1,400.0,High
3,2,1,5788.0,20,164.0,1,73.0,High
2,2,2,644.0,10,393.0,0,119.0,Low
5,3,1,1529.0,30,516.0,0,247.0,Medium
6,5,2,1115.0,25,598.0,0,377.0,Low
1,4,1,2011.0,0,597.0,0,150.0,Medium
1,5,2,2809.0,15,46.0,0,145.0,Low
4,1,1,3070.0,5,311.0,1,322.0,Medium
2,4,2,1129.0,0,309.0,0,72.0,Low
5,2,1,3267.0,5,280.0,1,277.0,Low
5,5,1,6167.0,10,52.0,0,143.0,Low
3,4,1,1613.0,15,448.0,0,252.0,High
5,1,1,1440.0,0,161.0,0,398.0,High
3,3,1,2963.0,15,446.0,0,470.0,Medium
6,3,1,1641.0,20,493.0,1,207.0,Low
5,3,2,2858.0,30,113.0,1,40.0,Low
2,2,1,2464.0,0,182.0,1,175.0,Low
1,3,2,1849.0,20,183.0,1,321.0,Medium
4,3,1,805.0,30,109.0,0,73.0,Medium
2,1,1,1767.0,25,318.0,0,430.0,Medium
3,1,2,3754.0,5,487.0,1,419.0,Medium
2,1,1,703.0,20,313.0,0,74.0,Medium
7,3,1,1470.0,5,59.0,0,113.0,Low
3,3,2,1467.0,10,231.0,0,307.0,Medium
2,1,1,780.0,0,293.0,0,203.0,Medium
8,1,1,1742.0,40,234.0,1,188.0,Medium
8,3,1,4851.0,5,186.0,0,47.0,Medium
7,3,1,,20,485.0,0,127.0,Low
3,2,2,1498.0,5,191.0,0,313.0,High
4,5,2,900.0,30,525.0,0,225.0,Low
6,4,1,2582.0,25,137.0,0,206.0,High
6,2,2,1214.0,10,515.0,0,54.0,Medium
2,5,2,1521.0,20,297.0,0,238.0,Low
4,2,2,1154.0,30,190.0,1,26.0,High
3,4,1,1005.0,5,133.0,1,368.0,High
7,1,2,4272.0,25,307.0,0,402.0,High
3,2,2,1400.0,10,105.0,0,138.0,High
6,2,1,2508.0,20,443.0,0,324.0,Medium
1,1,2,892.0,0,576.0,0,249.0,High
1,5,1,415.0,15,559.0,0,23.0,Low
5,1,1,5100.0,25,153.0,0,370.0,High
5,2,1,603.0,5,594.0,0,455.0,Low
6,5,2,1830.0,5,53.0,0,262.0,Low
3,1,1,1317.0,0,461.0,0,90.0,Medium
2,4,2,4131.0,10,501.0,1,159.0,Low
8,5,1,2744.0,30,507.0,0,39.0,Low
2,5,1,2548.0,25,232.0,0,340.0,Low
5,4,1,2937.0,20,129.0,0,188.0,Medium
5,1,2,1336.0,30,494.0,0,16.0,High
8,1,2,886.0,10,463.0,0,58.0,Low
4,5,2,338.0,40,419.0,1,467.0,Low
7,5,1,844.0,25,419.0,1,87.0,Low
8,2,1,1741.0,5,418.0,1,408.0,Medium
4,3,1,831.0,5,453.0,0,232.0,Medium
1,1,1,667.0,30,460.0,0,243.0,High
8,5,2,573.0,25,583.0,0,53.0,Low
5,2,2,998.0,15,161.0,0,81.0,Low
8,4,2,693.0,5,186.0,0,290.0,Low
1,5,1,460.0,0,439.0,1,247.0,Low
2,4,2,3061.0,20,147.0,0,74.0,Low
8,4,1,1147.0,5,64.0,1,443.0,Medium
4,4,1,7359.0,30,337.0,0,258.0,Low
4,2,2,1781.0,25,296.0,0,130.0,High
1,2,2,2189.0,10,109.0,0,20.0,Low
8,5,1,2601.0,25,193.0,1,56.0,Low
4,4,2,2746.0,30,597.0,0,353.0,Low
5,3,2,1472.0,0,276.0,0,188.0,Low
4,2,2,3289.0,0,323.0,1,57.0,High
6,5,1,964.0,5,175.0,1,56.0,Low
4,1,2,395.0,30,329.0,1,437.0,Medium
1,3,2,3396.0,15,446.0,0,106.0,Low
2,4,1,1968.0,0,420.0,1,264.0,Low
3,3,2,1127.0,10,71.0,1,41.0,Low
5,5,1,2920.0,5,153.0,0,245.0,Low
3,1,2,2572.0,0,217.0,1,402.0,Medium
4,2,1,2099.0,25,141.0,1,389.0,High
3,4,2,2721.0,15,208.0,1,431.0,High
4,1,1,2867.0,15,505.0,0,136.0,Low
6,4,1,598.0,10,390.0,1,274.0,Medium
7,5,1,1930.0,0,148.0,1,319.0,Low
6,5,1,2638.0,30,295.0,0,162.0,Low
5,5,1,496.0,0,332.0,0,25.0,Low
1,3,2,1757.0,20,487.0,1,102.0,Low
1,5,1,929.0,10,49.0,0,470.0,Low
6,1,2,1672.0,30,82.0,1,313.0,High
4,3,2,2508.0,30,172.0,0,484.0,High
8,3,1,912.0,5,422.0,1,30.0,High
8,1,1,2319.0,40,492.0,1,198.0,Medium
6,5,1,579.0,10,43.0,1,471.0,Low
3,2,2,886.0,20,331.0,1,276.0,High
4,5,1,1373.0,5,142.0,0,276.0,Low
2,4,1,1358.0,40,328.0,1,425.0,Medium
5,5,1,4474.0,30,323.0,0,74.0,Low
1,3,1,2543.0,15,549.0,0,481.0,Low
1,5,1,853.0,0,384.0,0,136.0,Low
5,5,2,2138.0,40,165.0,1,359.0,Low
5,1,1,2301.0,0,109.0,0,273.0,High
2,2,2,1610.0,30,89.0,1,256.0,Medium
7,4,1,907.0,20,285.0,1,346.0,High
3,3,1,1486.0,30,152.0,0,456.0,Medium
3,4,2,1037.0,40,480.0,1,345.0,High
7,2,2,2120.0,15,515.0,0,389.0,Medium
6,2,1,626.0,15,496.0,1,74.0,Medium
8,2,2,1423.0,25,222.0,0,308.0,Medium
6,1,2,1530.0,10,82.0,0,451.0,Medium
2,4,2,1771.0,30,378.0,1,466.0,Medium
4,3,2,2428.0,5,492.0,1,86.0,Medium
2,4,1,190.0,15,439.0,0,147.0,Low
3,3,2,951.0,25,552.0,1,267.0,Medium
3,2,1,956.0,15,406.0,0,228.0,High
8,2,1,1015.0,25,83.0,1,489.0,High
8,1,1,4445.0,20,141.0,1,231.0,Medium
7,4,1,1590.0,5,370.0,1,105.0,Medium
1,1,1,2478.0,10,217.0,0,108.0,High
4,2,1,1432.0,15,289.0,1,329.0,High
6,3,1,3630.0,15,187.0,0,381.0,Low
7,1,1,1394.0,20,295.0,1,331.0,High
8,2,2,544.0,30,255.0,1,368.0,High
7,2,2,2706.0,40,251.0,0,445.0,Medium
3,4,2,1423.0,20,418.0,0,34.0,Medium
6,2,1,1371.0,25,163.0,1,114.0,High
2,4,2,2861.0,15,406.0,1,110.0,Low
3,5,2,449.0,30,175.0,0,466.0,Low
7,2,1,778.0,15,574.0,0,197.0,Low
6,5,1,518.0,40,350.0,1,188.0,Low
2,3,1,2157.0,20,499.0,0,390.0,High
7,5,2,1661.0,30,120.0,1,154.0,Low
6,4,1,1306.0,0,118.0,0,464.0,Medium
1,1,1,1168.0,0,229.0,1,321.0,High
8,4,2,1365.0,40,569.0,1,390.0,Medium
2,3,1,340.0,20,442.0,1,142.0,High
3,4,1,1140.0,10,473.0,0,353.0,High
7,3,1,1642.0,5,481.0,1,182.0,Low
1,4,1,1989.0,40,51.0,0,320.0,High
2,2,2,3570.0,40,158.0,1,329.0,Medium
5,5,2,1603.0,30,219.0,0,184.0,Low
1,1,1,1788.0,25,115.0,0,130.0,High
6,1,2,2684.0,30,247.0,0,297.0,Medium
5,4,2,1746.0,40,517.0,0,255.0,High
4,1,1,1722.0,20,290.0,1,406.0,Medium
7,3,1,484.0,0,152.0,0,448.0,Low
3,5,1,1552.0,10,315.0,0,423.0,Low
4,1,1,1800.0,10,70.0,1,76.0,Medium
4,5,2,260.0,15,385.0,1,203.0,Low
5,1,1,700.0,15,178.0,0,482.0,High
6,1,2,2242.0,15,416.0,1,457.0,High
2,4,2,3223.0,15,339.0,1,217.0,Low
2,1,1,1154.0,10,36.0,0,498.0,Medium
5,4,1,2809.0,10,251.0,0,94.0,Medium
5,4,1,2656.0,5,340.0,1,278.0,Medium
2,3,1,4031.0,40,588.0,0,68.0,High
2,3,2,1481.0,25,523.0,0,406.0,High
4,1,1,1549.0,30,519.0,1,24.0,Medium
6,5,1,933.0,30,468.0,1,476.0,Medium
1,2,2,1012.0,0,122.0,0,296.0,Low
6,5,1,4343.0,10,583.0,0,246.0,Low
1,2,2,3274.0,15,587.0,0,310.0,Low
2,4,1,866.0,15,25.0,0,86.0,Low
5,5,1,727.0,10,56.0,0,11.0,Low
2,2,1,439.0,5,363.0,1,168.0,Low
1,3,1,842.0,5,293.0,1,445.0,Medium
3,3,1,1146.0,10,493.0,1,394.0,Medium
5,3,2,4259.0,25,269.0,1,285.0,Medium
3,1,1,2651.0,40,359.0,0,226.0,High
5,3,1,1494.0,40,43.0,0,69.0,Medium
3,5,2,2452.0,15,584.0,1,450.0,Low
3,2,2,669.0,20,398.0,0,239.0,High
7,2,1,2414.0,40,423.0,0,235.0,Medium
1,2,1,1409.0,10,456.0,1,191.0,Medium
1,5,1,1988.0,40,403.0,0,42.0,Low
3,1,2,1525.0,0,400.0,0,252.0,Medium
2,1,1,1361.0,0,304.0,0,235.0,Medium
8,1,1,2351.0,20,293.0,0,360.0,Low
6,1,1,1910.0,0,359.0,1,55.0,Medium
8,1,1,7867.0,5,363.0,0,33.0,Low
2,4,2,1626.0,30,392.0,0,432.0,Medium
1,2,1,2491.0,5,469.0,0,99.0,Medium
7,3,2,1527.0,40,297.0,0,212.0,Low
3,2,1,2782.0,0,102.0,0,449.0,High
7,2,1,2736.0,5,390.0,1,332.0,Medium
1,1,2,863.0,0,343.0,0,156.0,High
7,2,1,2734.0,30,206.0,1,161.0,Medium
5,1,2,1201.0,20,541.0,0,103.0,High
6,5,1,673.0,5,391.0,0,240.0,Low
1,5,1,1613.0,40,23.0,1,58.0,Low
1,4,2,2605.0,40,166.0,1,95.0,High
1,1,2,,0,382.0,1,145.0,High
8,5,1,1422.0,0,458.0,0,65.0,Low
3,2,2,6303.0,20,375.0,1,22.0,High
2,2,1,1278.0,20,177.0,0,316.0,Low
6,1,1,6006.0,15,401.0,0,406.0,Medium
1,4,1,1315.0,5,44.0,1,169.0,Medium
1,4,1,787.0,10,115.0,1,17.0,High
5,2,1,4560.0,5,376.0,0,70.0,Low
1,3,1,4460.0,10,179.0,0,69.0,Low
8,4,2,1346.0,0,201.0,1,187.0,Medium
5,5,1,546.0,30,456.0,0,31.0,Low
3,3,1,1609.0,25,513.0,1,317.0,Medium
5,2,1,1711.0,15,64.0,0,55.0,Low
7,5,1,363.0,5,171.0,1,266.0,Low
3,5,2,2409.0,30,433.0,0,472.0,Low
4,3,2,1222.0,20,238.0,0,62.0,Medium
1,5,2,1225.0,10,399.0,1,178.0,Low
1,5,1,1699.0,5,457.0,1,18.0,Low
2,5,2,723.0,5,67.0,1,414.0,Low
6,4,1,1639.0,10,527.0,1,82.0,Medium
8,1,2,1716.0,10,243.0,1,457.0,Medium
8,5,2,1367.0,0,148.0,1,136.0,Low
1,2,1,3257.0,20,233.0,0,379.0,Medium
6,3,2,1327.0,20,478.0,0,443.0,Low
3,4,2,943.0,0,565.0,1,288.0,Medium
6,1,1,1571.0,15,223.0,0,430.0,High
3,1,1,2524.0,10,438.0,1,292.0,High
5,5,1,2298.0,30,469.0,1,300.0,Low
4,3,1,1146.0,10,376.0,0,217.0,Medium
1,4,1,2109.0,5,79.0,1,275.0,High
5,1,1,1705.0,25,579.0,0,209.0,High
4,2,2,636.0,10,208.0,0,306.0,High
5,3,1,1440.0,40,59.0,1,160.0,Medium
2,4,1,3381.0,0,593.0,1,307.0,Low
5,3,1,2835.0,15,197.0,1,474.0,Low
5,2,2,6480.0,10,468.0,0,265.0,Low
7,5,1,2191.0,20,591.0,1,480.0,Low
5,1,1,3137.0,30,131.0,1,57.0,High
7,2,1,,5,391.0,0,63.0,Medium
1,5,2,1540.0,15,465.0,0,167.0,Low
4,4,1,1094.0,10,234.0,0,386.0,Low
4,5,2,733.0,5,107.0,0,412.0,Low
4,4,1,2223.0,30,405.0,1,494.0,Medium
6,3,2,2185.0,30,437.0,1,39.0,Low
3,4,1,2439.0,40,541.0,0,276.0,High
3,4,1,1807.0,25,419.0,0,237.0,High
5,2,1,2523.0,30,480.0,1,44.0,Medium
6,5,2,2401.0,5,201.0,0,341.0,Low
8,1,1,3292.0,5,111.0,0,286.0,Low
3,1,1,534.0,20,47.0,0,180.0,Medium
7,5,2,407.0,25,61.0,1,412.0,Low
1,2,1,2668.0,30,558.0,0,251.0,Medium
8,5,2,892.0,15,120.0,0,488.0,Low
1,3,2,2849.0,10,27.0,0,78.0,Low
8,4,2,178.0,0,534.0,1,458.0,Medium
1,1,1,1354.0,30,494.0,1,277.0,High
5,3,1,2774.0,20,435.0,0,194.0,Low
1,3,1,2141.0,15,390.0,0,209.0,Low
6,1,1,822.0,5,76.0,1,439.0,High
6,2,2,1527.0,5,280.0,1,67.0,Medium
7,4,1,825.0,15,388.0,1,118.0,Medium
2,4,1,788.0,40,156.0,1,496.0,Medium
4,3,1,345.0,25,198.0,0,123.0,High
7,1,1,2228.0,5,330.0,1,224.0,High
8,5,2,466.0,30,126.0,0,126.0,Low
7,3,1,2889.0,15,301.0,1,83.0,Low
6,3,1,1169.0,5,495.0,0,437.0,Low
6,3,2,997.0,5,262.0,0,348.0,Low
5,1,2,390.0,15,221.0,1,91.0,High
6,2,1,4374.0,40,355.0,1,422.0,High
7,4,2,1966.0,25,462.0,1,477.0,High
8,5,1,3059.0,5,233.0,0,208.0,Low
2,2,1,3059.0,15,575.0,0,383.0,Low
5,3,1,1194.0,0,98.0,0,69.0,Low
2,3,2,1753.0,25,440.0,0,436.0,High
3,4,1,3918.0,5,102.0,0,416.0,High
1,1,2,1896.0,25,409.0,0,435.0,High
6,2,2,891.0,25,373.0,0,69.0,Medium
1,1,2,1837.0,10,352.0,0,489.0,High
2,5,2,1142.0,30,370.0,0,57.0,Low
6,5,1,3148.0,30,88.0,0,439.0,Low
3,3,1,3565.0,30,65.0,1,211.0,Medium
3,4,1,880.0,40,322.0,1,332.0,High
1,5,2,2254.0,15,283.0,0,13.0,Low
1,4,1,347.0,15,245.0,0,204.0,High
8,1,1,2659.0,15,282.0,0,393.0,Low
5,1,1,743.0,25,404.0,1,94.0,High
3,3,1,1356.0,20,509.0,0,162.0,Medium
8,5,1,2262.0,0,326.0,0,391.0,Low
7,4,1,892.0,10,456.0,0,160.0,Medium
4,1,2,960.0,5,434.0,1,178.0,Low
8,5,1,4783.0,10,505.0,1,93.0,Low
2,4,1,2789.0,5,226.0,1,95.0,Low
5,1,1,2439.0,0,368.0,0,418.0,High
2,5,1,589.0,20,323.0,0,338.0,Low
6,2,1,407.0,10,553.0,0,43.0,Medium
5,4,1,1870.0,25,58.0,1,291.0,High
3,5,2,2470.0,25,351.0,0,66.0,Low
2,3,1,1480.0,15,549.0,0,34.0,High
4,5,2,658.0,0,82.0,1,350.0,Low
4,3,1,2717.0,5,185.0,1,383.0,Medium
8,1,2,1104.0,25,393.0,0,391.0,Medium
4,4,2,2149.0,5,178.0,1,275.0,Low
8,1,1,3289.0,15,347.0,0,209.0,Low
3,3,2,1344.0,40,138.0,1,102.0,Medium
1,3,2,2809.0,40,466.0,0,295.0,Medium
2,1,1,906.0,20,382.0,1,348.0,High
7,1,2,1491.0,25,272.0,1,415.0,High
7,2,2,1018.0,40,127.0,1,336.0,High
7,5,1,2749.0,10,310.0,1,401.0,Low
4,4,1,970.0,40,107.0,0,25.0,Low
4,3,2,518.0,5,206.0,1,499.0,High
7,5,1,597.0,15,346.0,1,141.0,Low
1,5,1,572.0,0,72.0,0,77.0,Low
7,1,2,1402.0,15,84.0,0,496.0,High
4,5,1,2443.0,30,305.0,1,207.0,Low
5,3,1,800.0,20,263.0,1,171.0,Medium
6,4,2,1591.0,10,30.0,0,309.0,Medium
1,4,1,374.0,5,337.0,0,433.0,High
2,5,2,6305.0,10,179.0,1,231.0,Low
5,3,2,3307.0,30,240.0,0,139.0,Low
5,2,1,3197.0,40,513.0,1,302.0,Medium
7,2,1,2564.0,10,358.0,1,474.0,Medium
8,3,1,759.0,10,482.0,1,362.0,High
2,4,2,2186.0,40,233.0,1,343.0,Low
2,5,1,2734.0,20,60.0,0,189.0,Low
4,3,2,2578.0,40,42.0,1,191.0,Medium
6,1,1,1080.0,10,421.0,0,430.0,High
6,4,1,1493.0,40,570.0,1,404.0,High
4,4,1,353.0,40,576.0,1,213.0,Medium
5,1,1,240.0,0,118.0,0,173.0,High
7,2,1,2857.0,5,324.0,1,59.0,Medium
3,5,1,3387.0,25,403.0,1,376.0,Low
5,2,2,556.0,5,338.0,1,435.0,Medium
1,5,1,381.0,20,449.0,0,41.0,Low
4,5,1,2557.0,0,517.0,1,498.0,Low
6,2,2,563.0,0,177.0,0,219.0,Medium
4,1,1,2232.0,5,589.0,0,243.0,Low
3,4,1,2913.0,15,573.0,1,239.0,High
1,1,2,1489.0,25,275.0,0,181.0,High
4,5,2,1953.0,25,560.0,0,74.0,Low
6,1,2,1918.0,25,165.0,1,385.0,High
2,5,2,396.0,25,187.0,1,62.0,Low
3,1,2,2050.0,5,485.0,1,279.0,Medium
2,5,1,1381.0,40,565.0,1,353.0,Medium
8,4,2,2103.0,0,396.0,0,132.0,Low
5,1,2,252.0,20,346.0,1,115.0,High
8,2,2,1983.0,15,464.0,0,139.0,Medium
4,3,2,2495.0,10,154.0,1,419.0,Medium
2,1,1,1167.0,15,279.0,0,366.0,Medium
5,4,2,721.0,15,511.0,0,211.0,Medium
8,4,1,1130.0,20,81.0,1,462.0,Medium
6,4,2,2297.0,10,303.0,1,40.0,Medium
3,2,2,903.0,30,177.0,0,225.0,High
6,5,1,673.0,30,324.0,1,405.0,Medium
6,4,1,791.0,5,50.0,0,228.0,Medium
2,4,1,2653.0,0,421.0,0,15.0,Low
8,3,1,1879.0,10,253.0,0,276.0,High
5,2,1,1643.0,40,282.0,0,108.0,Medium
2,3,1,2589.0,40,436.0,0,183.0,High
6,2,1,2476.0,500,65.0,1,489.0,High
3,2,1,1394.0,15,401.0,1,93.0,High
1,2,2,2955.0,15,70.0,0,323.0,Low
8,4,2,1178.0,20,178.0,1,26.0,Medium
1,3,1,1529.0,5,391.0,0,417.0,Low
5,4,1,1695.0,15,345.0,1,218.0,High
1,5,1,1330.0,30,37.0,1,68.0,Low
4,1,2,705.0,40,550.0,1,367.0,High
8,4,2,2196.0,30,386.0,0,467.0,Medium
5,3,1,1099.0,15,531.0,1,465.0,Medium
4,5,1,2696.0,25,35.0,0,286.0,Low
6,4,1,1250.0,25,432.0,1,445.0,High
1,5,2,1666.0,5,119.0,1,171.0,Low
3,3,1,2383.0,15,504.0,1,342.0,Medium
3,4,1,2059.0,20,582.0,0,361.0,High
1,3,2,1977.0,40,254.0,1,222.0,Medium
2,5,1,3759.0,5,390.0,0,467.0,Low
3,1,1,845.0,10,285.0,0,300.0,Medium
4,1,1,441.0,0,515.0,1,319.0,Low
8,1,1,2987.0,40,523.0,1,46.0,Medium
1,1,1,5096.0,20,323.0,1,34.0,High
3,2,1,4032.0,20,155.0,0,335.0,High
4,3,1,1963.0,30,535.0,1,198.0,High
2,5,1,1696.0,10,246.0,1,473.0,Low
7,4,1,1312.0,15,66.0,0,26.0,Low
3,1,2,1141.0,10,375.0,0,330.0,Medium
8,4,1,867.0,10,162.0,1,330.0,Medium
5,3,1,3852.0,20,179.0,0,226.0,Low
2,4,1,1189.0,20,99.0,1,175.0,Low
8,2,1,714.0,40,534.0,0,135.0,High
2,5,2,2909.0,10,157.0,0,87.0,Low
6,1,1,4498.0,0,398.0,0,489.0,High
2,5,1,853.0,15,59.0,0,491.0,Low
1,3,1,3040.0,5,570.0,1,471.0,Medium
3,1,1,483.0,30,195.0,1,48.0,High
7,1,1,567.0,25,53.0,1,330.0,High
5,4,1,3915.0,5,185.0,0,31.0,Medium
6,1,1,3977.0,0,548.0,0,432.0,Medium
6,2,1,2678.0,10,465.0,0,314.0,Medium
5,3,1,2274.0,20,465.0,0,251.0,Low
5,4,1,1010.0,25,419.0,0,264.0,Medium
1,3,1,763.0,10,138.0,0,397.0,Low
6,3,1,1341.0,20,370.0,0,229.0,Low
2,1,2,3564.0,10,482.0,0,393.0,Medium
5,3,1,1834.0,5,564.0,0,308.0,Low
6,4,1,702.0,25,420.0,0,89.0,Medium
7,1,1,1428.0,10,242.0,1,288.0,High
2,2,2,1363.0,20,24.0,0,171.0,Low
5,5,2,1868.0,15,390.0,1,193.0,Low
7,1,1,1452.0,0,76.0,0,423.0,High
1,4,2,1618.0,0,262.0,1,313.0,High
2,4,2,519.0,30,367.0,1,69.0,Low
2,3,1,1825.0,5,571.0,0,429.0,High
6,4,1,657.0,0,229.0,0,106.0,Medium
8,3,1,469.0,25,533.0,0,266.0,High
6,1,1,1829.0,15,241.0,0,134.0,Medium
8,1,2,961.0,30,377.0,1,418.0,Medium
3,2,2,1763.0,15,540.0,0,320.0,High
7,2,1,1405.0,10,463.0,1,495.0,Medium
5,5,1,1076.0,5,28.0,0,332.0,Low
8,2,1,4371.0,40,43.0,0,236.0,Medium
8,2,1,2500.0,20,551.0,0,30.0,Medium
7,3,1,751.0,30,118.0,1,262.0,Low
3,3,1,518.0,25,266.0,0,112.0,Medium
8,3,1,1447.0,10,389.0,1,170.0,High
7,5,1,2317.0,25,398.0,0,345.0,Low
6,4,2,8405.0,25,197.0,0,464.0,Medium
5,5,1,580.0,40,262.0,1,236.0,Low
5,2,2,1559.0,10,585.0,1,497.0,Medium
2,4,2,1231.0,30,56.0,0,170.0,Low
2,3,1,4411.0,5,366.0,1,203.0,High
4,3,1,2402.0,15,295.0,0,217.0,Medium
8,4,2,2954.0,0,164.0,1,189.0,Low
2,2,2,2841.0,10,159.0,1,405.0,Medium
3,5,1,582.0,25,21.0,0,371.0,Low
5,4,2,2393.0,15,62.0,0,293.0,High
6,5,1,1491.0,15,331.0,1,332.0,Low
5,1,1,1286.0,40,293.0,0,145.0,High
7,1,1,1170.0,30,495.0,0,318.0,High
7,1,2,798.0,15,181.0,1,174.0,High
2,1,2,2430.0,5,455.0,0,254.0,Medium
6,3,2,962.0,10,323.0,0,13.0,Low
4,5,1,507.0,25,510.0,0,223.0,Low
1,4,2,2599.0,0,256.0,1,269.0,High
4,1,1,4534.0,15,556.0,0,424.0,Medium
6,2,2,478.0,15,232.0,1,226.0,Medium
7,2,2,589.0,30,176.0,0,466.0,Medium
3,3,2,1080.0,25,273.0,1,31.0,Medium
7,4,1,1117.0,20,99.0,1,475.0,High
2,1,1,1554.0,30,82.0,0,139.0,Medium
5,2,2,5527.0,25,458.0,1,150.0,Medium
8,2,1,2381.0,25,296.0,0,29.0,Medium
1,4,1,975.0,40,39.0,0,25.0,High
8,1,1,155.0,30,592.0,1,100.0,Medium
5,2,1,1429.0,15,143.0,1,99.0,Low
3,3,2,4487.0,5,511.0,1,188.0,Low
4,2,1,2002.0,20,363.0,0,305.0,High
2,4,1,5463.0,20,496.0,1,300.0,Low
6,5,1,646.0,40,503.0,0,352.0,Medium
4,4,1,1501.0,25,571.0,1,454.0,Medium
8,2,1,2391.0,0,534.0,0,39.0,Low
3,4,1,1320.0,10,344.0,1,253.0,High
2,3,1,1554.0,20,241.0,0,240.0,High
8,4,1,2067.0,0,82.0,0,229.0,Low
2,1,2,1419.0,40,20.0,1,250.0,Medium
3,3,1,2107.0,25,506.0,0,44.0,Medium
6,2,1,1256.0,30,109.0,1,496.0,High
7,2,1,1662.0,25,263.0,1,247.0,Medium
8,4,1,3263.0,0,402.0,1,337.0,Low
4,5,1,449.0,25,489.0,1,465.0,Low
3,4,1,693.0,10,544.0,1,286.0,High
5,5,2,1928.0,40,441.0,1,27.0,Low
7,1,1,1212.0,0,346.0,1,20.0,High
8,2,2,270.0,25,128.0,0,415.0,Medium
2,2,1,369.0,15,529.0,1,453.0,Low
5,2,1,2442.0,30,268.0,0,453.0,Medium
7,4,2,371.0,10,538.0,1,260.0,Medium
6,1,1,4024.0,20,216.0,1,399.0,High
2,3,2,825.0,30,242.0,1,291.0,High
7,2,1,3560.0,30,505.0,1,136.0,Medium
4,4,2,1440.0,10,62.0,1,31.0,Low
7,4,1,1563.0,25,552.0,0,188.0,Medium
6,3,1,599.0,15,342.0,1,435.0,Medium
4,2,1,655.0,20,267.0,1,188.0,High
2,1,1,3303.0,0,320.0,1,41.0,Medium
6,2,1,3313.0,0,104.0,0,258.0,Medium
6,5,2,2060.0,30,118.0,0,202.0,Low
2,3,1,1824.0,25,338.0,1,424.0,High
5,1,2,1530.0,0,216.0,0,150.0,Medium
1,2,1,2361.0,15,244.0,1,465.0,Medium
3,5,2,2582.0,5,144.0,1,63.0,Low
8,3,2,1375.0,25,319.0,1,465.0,High
8,4,1,2963.0,25,110.0,0,385.0,Medium
1,2,2,4246.0,15,308.0,0,104.0,Medium
4,4,2,1579.0,0,164.0,1,211.0,Low
1,3,1,2326.0,15,456.0,1,276.0,Low
5,2,1,2584.0,20,147.0,0,145.0,Low
7,2,1,1965.0,0,291.0,0,301.0,Medium
5,1,2,2587.0,20,170.0,1,148.0,High
2,3,2,1100.0,10,421.0,1,463.0,High
7,2,2,1427.0,5,236.0,1,54.0,Low
1,2,2,747.0,25,451.0,0,235.0,Low
3,5,1,321.0,0,411.0,1,256.0,Low
3,4,1,1821.0,20,568.0,1,160.0,High
8,1,2,1196.0,20,505.0,0,133.0,Low
6,1,2,1722.0,15,164.0,1,41.0,Medium
7,3,1,695.0,15,158.0,0,16.0,Low
1,1,1,3685.0,25,112.0,0,112.0,High
5,5,2,6990.0,30,164.0,0,389.0,Low
7,2,2,2670.0,20,55.0,1,371.0,Medium
3,2,1,1445.0,0,95.0,1,385.0,High
8,5,2,2119.0,25,493.0,1,311.0,Low
4,1,2,1607.0,0,222.0,1,98.0,Low
6,2,1,2034.0,30,235.0,0,217.0,Medium
2,1,1,1574.0,20,204.0,1,91.0,Medium
6,2,2,557.0,40,567.0,1,221.0,High
4,5,1,665.0,0,563.0,0,131.0,Low
2,2,2,3125.0,30,178.0,0,489.0,Medium
6,5,2,1159.0,25,25.0,0,292.0,Low
6,2,1,2123.0,10,413.0,0,49.0,Low
2,5,2,985.0,10,70.0,0,426.0,Low
8,4,1,2831.0,10,293.0,0,327.0,Low
2,4,2,2502.0,10,298.0,1,281.0,Low
8,2,2,781.0,15,305.0,1,423.0,Medium
4,1,1,1028.0,20,452.0,0,157.0,Medium
3,4,1,710.0,10,543.0,1,70.0,High
5,1,2,2567.0,15,302.0,1,489.0,High
6,5,1,1606.0,40,493.0,0,306.0,Medium
2,1,2,2621.0,20,85.0,1,396.0,Medium
2,4,2,1451.0,15,416.0,0,409.0,Low
4,1,2,449.0,0,412.0,1,261.0,Medium
5,3,1,360.0,20,437.0,1,96.0,Low
1,3,1,4266.0,40,270.0,1,261.0,Medium
5,5,1,2770.0,25,496.0,1,338.0,Low
4,1,1,2542.0,0,174.0,1,206.0,Low
2,3,1,1477.0,15,216.0,1,341.0,High
1,3,2,774.0,40,180.0,0,272.0,Medium
3,4,1,1445.0,15,568.0,0,281.0,High
2,3,1,3382.0,0,121.0,0,153.0,High
7,3,2,283.0,30,479.0,0,288.0,Low
8,5,1,674.0,25,309.0,1,69.0,Low
2,3,1,1229.0,40,305.0,0,394.0,High
5,4,1,2053.0,5,181.0,0,374.0,Medium
3,5,1,5385.0,25,50.0,1,232.0,Low
5,1,2,1931.0,5,526.0,1,76.0,High
4,4,1,731.0,30,360.0,1,44.0,Low
8,2,1,3049.0,10,275.0,0,211.0,Medium
2,1,1,2382.0,20,264.0,1,416.0,High
5,1,1,403.0,5,415.0,0,445.0,High
4,4,1,2320.0,15,50.0,1,388.0,Low
2,4,1,1530.0,0,270.0,1,423.0,Low
3,1,1,1174.0,20,401.0,0,272.0,Medium
7,3,1,898.0,0,201.0,1,373.0,Low
4,2,1,1039.0,40,20.0,1,276.0,High
5,1,2,2546.0,20,428.0,0,113.0,High
5,5,1,1023.0,15,290.0,0,307.0,Low
3,3,2,2994.0,25,325.0,0,257.0,Medium
7,1,1,3202.0,25,464.0,0,437.0,High
8,5,1,983.0,40,361.0,0,397.0,Low
3,2,1,2136.0,0,238.0,0,490.0,High
1,3,2,600.0,20,309.0,1,75.0,Medium
5,4,2,1305.0,0,564.0,1,326.0,Medium
6,3,2,2415.0,0,507.0,1,54.0,Low
1,2,2,981.0,0,550.0,0,481.0,Low
2,1,2,1164.0,20,333.0,0,215.0,Medium
7,2,1,717.0,40,61.0,0,297.0,Medium
5,2,1,357.0,20,73.0,0,11.0,Low
3,2,2,581.0,0,345.0,0,325.0,High
8,2,1,1421.0,10,464.0,1,152.0,Medium
8,2,2,5016.0,30,451.0,1,379.0,Medium
4,5,1,,25,532.0,1,285.0,Low
6,3,1,3315.0,15,175.0,1,366.0,Medium
6,2,1,1570.0,40,543.0,0,199.0,Medium
7,5,2,3110.0,5,32.0,1,40.0,Low
1,5,1,585.0,25,532.0,0,315.0,Low
6,4,1,1471.0,30,238.0,0,52.0,Medium
7,2,1,1514.0,25,494.0,0,200.0,Medium
1,3,1,4010.0,5,426.0,1,486.0,Medium
8,4,2,594.0,25,101.0,0,110.0,Low
7,5,2,1006.0,15,146.0,0,63.0,Low
5,1,1,1717.0,5,286.0,0,107.0,High
4,5,1,1274.0,15,501.0,1,302.0,Low
2,2,2,1855.0,20,209.0,1,452.0,Medium
6,1,2,5032.0,5,,1,308.0,Medium
3,5,1,2420.0,10,433.0,0,241.0,Low
7,1,2,3713.0,5,354.0,0,201.0,High
1,2,1,1768.0,20,140.0,1,96.0,Medium
1,3,1,1098.0,15,225.0,0,268.0,Low
3,5,2,2392.0,20,502.0,0,291.0,Low
8,2,1,2778.0,10,296.0,1,399.0,Medium
4,5,2,1315.0,40,289.0,1,250.0,Low
1,1,1,1336.0,10,212.0,1,484.0,High
8,3,1,791.0,30,100.0,1,293.0,High
7,2,2,2224.0,10,175.0,1,77.0,Low
7,3,1,427.0,5,285.0,1,262.0,Low
5,3,1,835.0,5,361.0,0,172.0,Low
1,5,1,1173.0,5,333.0,1,298.0,Low
3,4,1,1082.0,10,173.0,1,379.0,High
1,2,2,851.0,30,459.0,0,418.0,Medium
7,4,1,1314.0,25,463.0,0,303.0,Medium
8,3,1,1155.0,30,444.0,1,144.0,High
6,4,2,3910.0,10,420.0,0,350.0,Medium
3,1,2,2347.0,15,403.0,1,110.0,Medium
7,5,1,1535.0,25,265.0,1,322.0,Low
5,3,1,1086.0,25,225.0,0,110.0,Medium
6,3,1,2432.0,30,478.0,0,465.0,Medium
6,1,1,1312.0,30,593.0,1,440.0,High
6,4,1,1802.0,30,507.0,1,387.0,High
2,4,1,410.0,40,431.0,1,338.0,Medium
4,1,1,778.0,25,48.0,0,265.0,Medium
8,1,1,283.0,40,171.0,0,215.0,Medium
6,3,2,3237.0,15,91.0,0,490.0,Low
7,3,2,1342.0,0,154.0,0,368.0,Low
6,4,2,3175.0,30,22.0,0,251.0,Medium
7,2,2,2335.0,0,188.0,1,102.0,Low
4,2,1,554.0,40,143.0,1,251.0,High
6,3,2,1605.0,0,101.0,0,347.0,Low
7,3,1,2102.0,15,518.0,1,296.0,Medium
5,1,1,1132.0,10,585.0,0,299.0,High
4,3,2,2936.0,25,142.0,0,305.0,Medium
8,1,1,4754.0,40,105.0,0,261.0,Medium
7,3,2,2116.0,0,475.0,0,115.0,Low
5,3,2,757.0,15,88.0,1,376.0,Low
6,4,1,458.0,20,577.0,1,453.0,High
5,3,1,609.0,5,105.0,1,46.0,Low
8,1,1,1992.0,5,141.0,1,246.0,Low
5,3,1,1659.0,20,263.0,1,370.0,Medium
8,3,1,1608.0,15,182.0,0,352.0,High
5,1,2,2132.0,20,64.0,1,,High
8,1,2,1606.0,10,94.0,0,214.0,Low
7,1,2,2123.0,30,39.0,0,336.0,High
3,5,2,1998.0,15,156.0,1,253.0,Low
5,4,1,1307.0,40,387.0,1,292.0,High
7,4,1,783.0,25,216.0,1,364.0,High
2,5,1,3836.0,20,472.0,0,42.0,Low
8,2,1,366.0,25,283.0,1,433.0,High
2,5,1,990.0,0,328.0,0,62.0,Low
7,1,1,1891.0,5,419.0,0,81.0,High
6,5,1,2384.0,5,330.0,0,217.0,Low
2,2,2,2325.0,40,63.0,0,322.0,Low
4,2,1,6029.0,20,383.0,1,34.0,High
5,4,1,2327.0,30,548.0,0,25.0,Medium
8,1,1,6281.0,5,308.0,0,90.0,Low
3,3,1,3382.0,30,200.0,1,268.0,Medium
4,2,1,1504.0,30,299.0,1,345.0,High
5,1,1,850.0,20,464.0,1,79.0,High
8,3,2,475.0,30,193.0,0,102.0,High
7,4,2,2294.0,5,351.0,1,65.0,Low
3,2,1,1577.0,15,180.0,0,280.0,High
7,5,1,3245.0,5,316.0,0,214.0,Low
2,4,1,410.0,20,430.0,0,37.0,Low
2,5,2,1748.0,10,381.0,0,346.0,Low
8,3,2,1255.0,15,304.0,1,352.0,High
6,5,2,2289.0,30,155.0,0,91.0,Low
2,4,1,652.0,15,146.0,1,438.0,Medium
4,1,2,1987.0,30,464.0,0,343.0,Low
5,5,1,6140.0,25,31.0,0,278.0,Low
3,4,2,840.0,15,198.0,0,189.0,Medium
7,1,1,333.0,15,262.0,1,76.0,High
6,5,1,747.0,30,296.0,0,114.0,Low
1,2,1,2720.0,5,135.0,0,14.0,Low
6,1,1,926.0,0,43.0,0,178.0,Medium
1,4,1,1979.0,20,468.0,1,323.0,High
2,5,1,3471.0,30,403.0,0,359.0,Low
1,4,1,685.0,40,247.0,1,10.0,High
7,5,2,1036.0,30,505.0,1,347.0,Low
6,2,2,5270.0,30,379.0,0,72.0,Medium
4,4,1,2120.0,40,222.0,1,91.0,Medium
8,3,1,566.0,0,371.0,1,476.0,High
6,1,1,1614.0,0,435.0,0,54.0,Medium
4,2,1,691.0,5,503.0,1,430.0,High
3,1,1,863.0,5,268.0,1,269.0,Medium
3,1,1,1474.0,15,343.0,0,142.0,Medium
6,2,1,768.0,30,485.0,0,468.0,High
7,2,1,910.0,20,196.0,1,278.0,Medium
1,5,1,2888.0,30,487.0,0,133.0,Low
7,3,1,1823.0,10,95.0,1,151.0,Low
8,3,1,1232.0,25,505.0,0,271.0,High
6,4,1,1414.0,10,280.0,0,372.0,Medium
5,3,1,534.0,15,376.0,1,179.0,Low
1,5,2,216.0,10,529.0,0,456.0,Low
7,3,1,580.0,15,81.0,1,408.0,Medium
7,4,1,2013.0,40,492.0,1,93.0,High
2,5,1,2010.0,5,441.0,0,40.0,Low
6,4,2,1134.0,5,141.0,0,311.0,Medium
3,3,1,2375.0,10,550.0,0,305.0,Low
6,1,1,2790.0,20,547.0,0,143.0,Medium
6,3,1,3719.0,25,150.0,0,321.0,Medium
1,2,2,1866.0,15,205.0,1,252.0,Medium
1,1,1,3707.0,5,548.0,0,199.0,High
2,3,1,1506.0,10,301.0,0,10.0,Medium
7,4,2,1431.0,10,500.0,1,179.0,Medium
6,3,1,1414.0,25,221.0,0,309.0,Low
4,2,2,5896.0,40,427.0,1,379.0,High
4,2,1,1123.0,15,245.0,0,320.0,High
3,2,1,1506.0,30,480.0,0,342.0,High
8,3,2,1612.0,25,246.0,0,79.0,High
2,3,2,824.0,0,344.0,1,499.0,High
2,1,1,549.0,15,584.0,1,276.0,High
1,4,2,2418.0,25,114.0,1,319.0,High
5,4,2,1465.0,20,317.0,0,414.0,Medium
7,5,1,2395.0,25,403.0,0,251.0,Low
2,5,2,2520.0,40,497.0,0,192.0,Low
8,1,1,440.0,10,264.0,1,316.0,Medium
5,4,1,1399.0,15,499.0,1,157.0,Medium
5,2,1,286.0,25,557.0,0,368.0,Low
2,1,1,2013.0,10,497.0,0,293.0,Medium
6,3,1,657.0,25,63.0,0,27.0,Low
3,1,1,3004.0,5,260.0,1,44.0,Medium
7,5,1,1329.0,30,182.0,1,245.0,Low
7,1,1,4800.0,10,134.0,0,430.0,High
2,3,1,1239.0,20,146.0,0,129.0,High
1,5,2,735.0,15,92.0,0,446.0,Low
5,4,2,505.0,0,171.0,0,60.0,Low
3,1,1,1881.0,10,545.0,1,105.0,Medium
4,5,2,1217.0,5,151.0,1,180.0,Low
6,2,1,2140.0,30,428.0,0,147.0,Medium
2,5,1,586.0,0,230.0,0,168.0,Low
8,5,1,3063.0,30,221.0,1,439.0,Low
2,1,1,2384.0,0,401.0,1,466.0,Medium
1,5,1,1394.0,15,305.0,1,214.0,Low
6,2,1,4242.0,10,190.0,0,46.0,Medium
4,5,1,1162.0,20,280.0,1,318.0,Low
5,3,1,959.0,40,36.0,0,371.0,Medium
2,2,1,595.0,40,415.0,0,352.0,Medium
7,3,2,814.0,25,202.0,0,126.0,Low
8,4,1,4598.0,30,236.0,1,473.0,Medium
8,4,2,1744.0,5,151.0,0,383.0,Low
6,2,1,2585.0,10,325.0,1,344.0,Medium
1,5,1,941.0,25,589.0,0,415.0,Low
4,3,1,988.0,15,359.0,0,210.0,Medium
8,5,1,1400.0,25,427.0,1,217.0,Low
5,1,1,4438.0,15,476.0,1,249.0,High
7,3,1,1281.0,25,130.0,1,268.0,Medium
3,4,1,2248.0,30,312.0,0,310.0,High
5,5,2,1749.0,5,314.0,0,283.0,Low
5,4,1,251.0,15,168.0,0,388.0,High
1,3,1,2619.0,25,171.0,1,427.0,Medium
6,3,2,1648.0,20,332.0,0,36.0,Low
7,5,1,1364.0,20,322.0,1,457.0,Low
4,1,1,798.0,30,356.0,1,440.0,High
3,3,2,1135.0,30,192.0,0,324.0,Medium
4,4,1,718.0,15,318.0,1,178.0,Low
8,4,1,2095.0,15,130.0,1,346.0,Medium
1,2,1,588.0,40,195.0,0,338.0,High
6,3,1,2663.0,0,344.0,1,189.0,Low
8,2,1,3474.0,0,431.0,0,449.0,Medium
4,3,1,406.0,40,504.0,1,380.0,High
5,2,2,757.0,40,241.0,0,402.0,Medium
1,3,1,3808.0,40,396.0,0,228.0,Medium
7,4,1,2099.0,5,104.0,1,430.0,Medium
5,4,1,2016.0,40,59.0,0,402.0,High
7,5,2,644.0,30,580.0,1,224.0,Low
6,2,1,956.0,0,517.0,1,191.0,Medium
6,1,1,1113.0,30,567.0,1,151.0,High
8,3,1,400.0,10,499.0,1,13.0,High
5,1,1,496.0,15,312.0,0,386.0,High
1,5,1,2323.0,40,434.0,0,296.0,Low
7,4,1,1214.0,40,119.0,0,404.0,Medium
6,5,2,731.0,0,323.0,1,463.0,Low
6,5,1,813.0,5,477.0,1,231.0,Low
1,5,2,1176.0,15,521.0,1,32.0,Low
4,5,1,3056.0,20,420.0,1,146.0,Low
7,2,1,1313.0,10,430.0,1,487.0,Medium
1,1,1,561.0,15,321.0,1,292.0,High
2,2,2,1263.0,10,511.0,0,168.0,Low
1,5,2,1589.0,20,519.0,1,145.0,Low
5,4,1,2061.0,15,109.0,1,412.0,High
4,3,2,7141.0,5,161.0,0,386.0,Medium
6,3,2,3435.0,30,292.0,0,435.0,Low
1,1,1,2051.0,40,57.0,0,38.0,High
2,1,2,754.0,10,464.0,0,416.0,Medium
5,2,2,2177.0,40,253.0,1,274.0,Medium
7,5,2,574.0,15,54.0,0,92.0,Low
3,3,1,1396.0,15,212.0,0,379.0,Medium
2,1,1,1226.0,25,446.0,1,250.0,Medium
5,3,1,2392.0,5,189.0,1,97.0,Low
4,5,2,456.0,40,425.0,0,84.0,Low
3,3,1,1161.0,20,292.0,0,80.0,Low
1,3,1,3654.0,15,64.0,0,25.0,Low
3,2,2,2339.0,5,477.0,0,246.0,High
3,4,2,1496.0,10,505.0,0,493.0,High
8,5,2,616.0,15,522.0,0,177.0,Low
6,5,2,463.0,20,548.0,0,206.0,Low
4,3,2,756.0,30,161.0,0,265.0,Medium
7,3,1,3220.0,25,,1,346.0,Low
4,4,2,1901.0,25,523.0,1,385.0,Low
6,4,2,2039.0,5,479.0,0,39.0,Low
5,3,1,1553.0,20,245.0,0,57.0,Low
5,2,1,4125.0,20,341.0,1,120.0,Low
6,5,1,187.0,15,476.0,0,28.0,Low
5,2,1,451.0,5,277.0,1,202.0,Low
2,5,1,1787.0,40,593.0,1,99.0,Low
2,5,1,518.0,5,574.0,1,414.0,Low
3,3,2,2553.0,5,81.0,0,340.0,Low
6,2,1,3493.0,15,251.0,0,328.0,Medium
1,1,1,2461.0,5,486.0,0,153.0,High
3,5,1,2593.0,5,378.0,1,206.0,Low
8,1,1,2270.0,25,588.0,1,449.0,Medium
5,5,2,2335.0,5,301.0,1,238.0,Low
7,1,1,3086.0,40,555.0,1,168.0,High
3,1,2,1275.0,40,538.0,0,215.0,Medium
6,4,1,1728.0,20,451.0,1,336.0,High
6,3,2,935.0,5,544.0,1,119.0,Low
5,1,1,965.0,15,108.0,1,466.0,High
1,1,1,2056.0,15,279.0,1,214.0,High
5,4,1,1752.0,10,434.0,0,93.0,Medium
4,2,2,1012.0,20,394.0,1,245.0,High
8,2,1,2157.0,5,177.0,1,15.0,Medium
1,5,1,2149.0,40,513.0,1,98.0,Low
6,5,2,3171.0,0,31.0,0,197.0,Low
2,5,2,674.0,10,546.0,1,426.0,Low
3,1,2,964.0,25,229.0,1,381.0,High
3,4,1,379.0,30,224.0,0,374.0,High
8,1,1,2954.0,10,300.0,0,112.0,Low
6,1,1,1709.0,0,112.0,0,308.0,Medium
4,5,1,657.0,25,321.0,1,175.0,Low
1,3,1,3173.0,5,248.0,1,416.0,Medium
2,1,2,4980.0,5,524.0,0,191.0,Low
8,1,1,2861.0,40,563.0,0,150.0,Medium
7,3,1,1804.0,40,182.0,1,31.0,Low
4,1,1,2171.0,0,234.0,1,276.0,Medium
8,4,1,1338.0,10,530.0,0,317.0,Low
7,3,1,1304.0,30,377.0,0,420.0,Low
5,4,1,1533.0,15,102.0,1,359.0,High
8,4,1,718.0,15,224.0,1,298.0,Medium
5,5,1,2192.0,20,347.0,1,492.0,Low
3,3,1,5801.0,20,190.0,1,150.0,Medium
6,2,1,2510.0,5,437.0,1,298.0,Medium
1,3,1,1773.0,15,346.0,0,428.0,Low
8,5,2,2020.0,40,478.0,0,444.0,Low
3,5,1,2137.0,30,59.0,1,456.0,Low
5,3,2,3458.0,5,532.0,1,484.0,Low
1,2,2,2826.0,10,180.0,0,72.0,Low
6,5,2,813.0,40,21.0,0,264.0,Low
8,5,1,2528.0,25,494.0,0,256.0,Low
7,5,2,2468.0,0,214.0,0,298.0,Low
6,4,1,338.0,10,174.0,1,301.0,High
7,1,1,2870.0,5,400.0,1,101.0,High
7,4,1,1454.0,40,276.0,1,33.0,Medium
8,1,1,495.0,15,554.0,1,32.0,Low
7,3,2,2812.0,30,310.0,0,117.0,Low
1,1,2,1044.0,10,220.0,1,138.0,High
2,4,2,,10,233.0,1,142.0,Low
3,3,2,611.0,20,36.0,1,377.0,Medium
7,4,2,2960.0,0,146.0,1,350.0,Medium
5,1,1,851.0,0,309.0,0,138.0,High
6,2,1,1145.0,0,555.0,0,472.0,Medium
4,3,1,1196.0,25,354.0,1,127.0,High
5,2,1,1019.0,0,264.0,1,497.0,Medium
7,4,2,712.0,40,354.0,1,399.0,High
8,1,2,1335.0,40,336.0,1,85.0,Medium
1,3,1,728.0,25,44.0,0,136.0,Medium
8,4,1,1838.0,10,151.0,1,463.0,Medium
5,5,1,1851.0,30,386.0,0,303.0,Low
6,1,1,4069.0,20,533.0,0,366.0,Medium
1,4,2,2166.0,40,517.0,0,424.0,High
8,4,1,731.0,20,125.0,0,26.0,Low
8,4,1,1643.0,20,357.0,1,77.0,Medium
3,5,2,2561.0,30,580.0,0,268.0,Low
5,1,1,785.0,25,592.0,1,224.0,High
2,1,1,1095.0,40,536.0,1,68.0,Medium
3,5,2,2094.0,0,411.0,0,18.0,Low
4,1,1,704.0,10,412.0,1,328.0,Medium
4,2,2,894.0,20,229.0,0,385.0,High
3,4,2,897.0,40,265.0,1,120.0,High
7,3,1,2138.0,0,58.0,0,240.0,Low
3,5,1,1847.0,0,99.0,0,111.0,Low
4,1,1,3833.0,10,431.0,1,205.0,Low
5,5,1,759.0,15,152.0,1,25.0,Low
5,2,2,1439.0,15,539.0,0,139.0,Low
3,4,1,1242.0,0,394.0,0,51.0,Medium
5,1,2,1471.0,10,152.0,1,179.0,High
3,1,1,1911.0,0,465.0,1,256.0,Medium
3,4,1,786.0,5,155.0,0,382.0,High
8,1,2,550.0,5,402.0,1,238.0,Medium
4,5,1,3774.0,25,21.0,0,300.0,Low
2,5,2,2323.0,10,126.0,0,206.0,Low
1,1,1,1739.0,40,593.0,0,118.0,High
8,4,2,2164.0,40,267.0,1,207.0,Medium
5,3,1,562.0,30,49.0,1,58.0,Medium
2,1,2,1493.0,10,271.0,0,301.0,Low
1,4,2,2719.0,20,46.0,1,228.0,High
5,2,2,505.0,5,119.0,0,204.0,Low
1,4,2,4061.0,20,,0,98.0,Medium
5,1,1,3652.0,5,264.0,0,449.0,High
2,3,2,830.0,30,274.0,0,200.0,High
8,2,1,2426.0,20,472.0,0,193.0,Medium
4,4,1,799.0,40,443.0,1,299.0,Medium
7,5,1,1108.0,10,458.0,1,189.0,Low
3,5,1,2780.0,25,404.0,0,426.0,Low
8,3,1,1722.0,40,592.0,1,351.0,High
8,5,1,1349.0,5,368.0,1,450.0,Low
2,3,1,3571.0,30,506.0,1,460.0,High
7,4,1,271.0,0,73.0,0,99.0,Low
2,1,1,1004.0,20,484.0,1,137.0,Medium
8,2,2,1918.0,0,377.0,0,167.0,Medium
8,4,1,2276.0,25,421.0,1,242.0,Medium
2,2,2,2178.0,30,528.0,1,82.0,Low
8,2,1,1381.0,15,36.0,0,119.0,Medium
4,4,2,4659.0,15,173.0,0,41.0,Low
2,1,2,2158.0,5,245.0,0,389.0,Medium
3,5,2,2446.0,0,427.0,1,413.0,Low
3,4,1,841.0,20,42.0,0,172.0,Medium
5,3,2,2480.0,30,118.0,0,471.0,Low
2,3,2,1032.0,10,199.0,0,135.0,High
1,4,1,1669.0,5,344.0,1,143.0,High
5,4,1,1708.0,30,172.0,0,228.0,High
7,4,2,822.0,15,178.0,0,157.0,Medium
3,2,1,586.0,5,466.0,0,182.0,High
7,3,1,1061.0,15,309.0,1,144.0,Low
3,4,2,1870.0,40,196.0,1,328.0,High
1,3,2,765.0,25,306.0,1,369.0,Medium
8,2,1,1685.0,10,313.0,0,442.0,Medium
5,5,1,1063.0,20,54.0,1,332.0,Low
1,3,2,3178.0,10,468.0,0,106.0,Low
7,3,1,1874.0,25,132.0,1,180.0,Medium
8,5,1,2964.0,40,487.0,0,88.0,Low
1,4,1,457.0,25,120.0,1,375.0,High
4,4,1,2629.0,25,47.0,1,32.0,Low
7,1,1,2105.0,20,364.0,1,494.0,High
4,1,2,1529.0,10,152.0,0,465.0,Medium
2,5,1,1194.0,10,203.0,0,112.0,Low
7,5,1,1627.0,20,209.0,1,280.0,Low
3,4,1,1266.0,15,364.0,1,303.0,High
5,2,1,1193.0,0,255.0,1,306.0,Low
6,3,1,2787.0,40,459.0,0,201.0,Low
5,4,2,3069.0,20,24.0,0,138.0,Medium
5,1,1,306.0,10,535.0,0,477.0,High
8,5,2,1083.0,25,263.0,0,337.0,Low
7,3,2,4633.0,0,231.0,0,319.0,Low
5,3,2,1812.0,40,240.0,0,453.0,Low
4,1,1,2754.0,40,157.0,1,414.0,Medium
2,3,1,300.0,15,437.0,0,453.0,High
4,1,1,1041.0,30,356.0,0,115.0,Medium
3,2,1,230.0,0,63.0,1,94.0,High
8,4,1,1588.0,15,289.0,0,29.0,Low
5,4,1,4064.0,40,334.0,1,409.0,High
8,4,1,1597.0,30,354.0,0,169.0,Medium
5,4,1,3160.0,0,203.0,1,476.0,High
1,5,1,952.0,20,201.0,0,318.0,Low
5,1,2,2514.0,15,584.0,1,292.0,High
8,3,2,1799.0,25,183.0,1,413.0,High
1,3,1,1486.0,15,564.0,0,316.0,Medium
3,3,1,2637.0,20,513.0,1,305.0,Medium
1,1,2,1324.0,30,329.0,0,333.0,High
8,2,1,675.0,15,464.0,1,145.0,Medium
4,2,2,825.0,5,495.0,0,293.0,High
4,3,1,2574.0,40,532.0,0,269.0,High
7,1,1,672.0,15,175.0,1,499.0,High
3,2,1,2578.0,15,324.0,0,72.0,High
3,2,1,913.0,15,367.0,1,172.0,High
4,1,2,2202.0,20,517.0,1,441.0,Medium
2,1,2,487.0,40,121.0,0,412.0,High
3,1,1,1362.0,15,74.0,0,164.0,Medium
5,1,1,2293.0,0,260.0,1,76.0,High
7,2,2,3121.0,15,573.0,1,183.0,Medium
7,3,1,1055.0,15,455.0,0,314.0,Low
6,3,2,2989.0,0,427.0,0,418.0,Low
3,5,1,570.0,0,507.0,1,265.0,Low
1,1,1,1584.0,10,78.0,0,348.0,High
7,5,1,2705.0,0,403.0,0,328.0,Low
5,2,2,2085.0,10,37.0,1,67.0,Medium
1,1,2,3240.0,15,329.0,0,79.0,High
1,2,1,1474.0,5,450.0,0,49.0,Medium
2,2,1,1395.0,40,507.0,0,455.0,Medium
2,1,2,3185.0,10,467.0,0,93.0,Low
7,1,1,2501.0,25,21.0,0,165.0,High
8,4,2,336.0,15,244.0,0,104.0,Low
6,3,1,851.0,15,289.0,1,232.0,Low
2,4,1,1513.0,15,307.0,1,212.0,Low
3,4,2,2471.0,15,473.0,1,104.0,High
3,2,2,5312.0,25,36.0,1,344.0,High
5,3,1,2287.0,5,178.0,0,180.0,Low
2,1,2,2790.0,30,413.0,0,376.0,Medium
3,5,2,625.0,15,310.0,0,489.0,Low
2,5,2,2383.0,25,307.0,0,399.0,Low
8,2,1,1114.0,20,533.0,1,400.0,Medium
7,4,2,1210.0,40,166.0,1,360.0,Medium
1,4,1,6178.0,30,29.0,1,470.0,High
1,3,1,1321.0,15,250.0,1,261.0,Low
4,2,1,3130.0,20,131.0,0,409.0,High
8,2,1,1069.0,0,474.0,0,187.0,Medium
8,5,1,3214.0,15,467.0,0,309.0,Low
3,2,2,1980.0,15,260.0,1,221.0,High
2,1,2,897.0,30,228.0,0,453.0,Medium
1,4,2,1280.0,25,351.0,0,18.0,Medium
7,5,2,1366.0,30,131.0,0,487.0,Low
3,3,1,2263.0,15,299.0,1,339.0,Medium
8,1,1,4668.0,5,,1,254.0,Low
1,4,2,2741.0,15,290.0,1,439.0,High
4,2,2,2489.0,15,131.0,1,355.0,High
2,2,2,1660.0,5,464.0,0,162.0,Low
6,5,1,5287.0,5,114.0,1,91.0,Low
4,1,1,479.0,30,92.0,1,203.0,Medium
1,1,1,1575.0,15,28.0,0,104.0,High
3,5,2,5665.0,20,312.0,1,54.0,Low
1,3,1,306.0,10,598.0,1,463.0,Medium
1,2,1,1121.0,40,522.0,1,340.0,High
4,3,1,4246.0,0,339.0,0,24.0,Medium
5,2,1,1614.0,25,528.0,1,184.0,Medium
8,4,2,636.0,30,221.0,1,321.0,Medium
8,4,1,1327.0,20,298.0,0,65.0,Medium
2,1,2,1260.0,15,37.0,0,69.0,Low
8,4,2,1172.0,5,384.0,1,157.0,Low
2,1,1,1668.0,25,119.0,0,428.0,Medium
2,2,1,2794.0,25,176.0,0,269.0,Low
1,5,2,1211.0,40,41.0,0,215.0,Low
8,3,1,651.0,40,562.0,0,474.0,High
7,4,1,975.0,20,435.0,1,445.0,Medium
8,4,1,1822.0,0,497.0,0,176.0,Low
8,3,1,2986.0,0,501.0,0,374.0,High
4,5,1,701.0,25,330.0,1,191.0,Low
8,5,2,1774.0,0,485.0,0,205.0,Low
8,4,1,3234.0,5,470.0,0,141.0,Low
2,3,2,639.0,25,237.0,0,234.0,High
8,5,1,1317.0,5,277.0,1,379.0,Low
3,4,2,2110.0,30,256.0,1,456.0,High
8,5,1,4372.0,25,268.0,0,45.0,Low
6,4,1,1582.0,40,478.0,0,305.0,Medium
7,4,1,740.0,30,386.0,1,366.0,Medium
7,1,1,951.0,40,307.0,1,120.0,High
5,3,2,1833.0,5,386.0,0,191.0,Low
8,1,1,3652.0,25,398.0,1,138.0,Medium
3,1,2,1314.0,40,303.0,1,329.0,High
7,3,1,5108.0,30,496.0,1,486.0,Medium
6,5,2,2284.0,5,476.0,0,119.0,Low
7,2,1,448.0,40,346.0,0,456.0,High
8,4,1,2310.0,15,488.0,0,381.0,Low
4,1,1,2099.0,10,574.0,1,430.0,Medium
2,3,2,5179.0,25,124.0,0,120.0,High
6,3,1,4602.0,30,166.0,1,28.0,Low
6,4,1,561.0,15,459.0,0,315.0,Medium
5,4,1,2022.0,40,77.0,1,342.0,High
3,4,1,2521.0,10,102.0,0,370.0,High
5,3,1,4826.0,20,267.0,0,374.0,Low
4,5,2,5148.0,40,97.0,0,455.0,Low
6,1,2,2236.0,20,25.0,1,77.0,High
3,3,2,1522.0,15,270.0,0,259.0,Medium
1,3,2,580.0,30,363.0,0,156.0,Low
3,5,2,1095.0,5,311.0,1,94.0,Low
4,1,1,2242.0,15,258.0,0,13.0,Low
5,2,1,1571.0,40,467.0,0,183.0,Medium
2,1,2,2022.0,25,449.0,0,310.0,Medium
3,3,1,2016.0,10,295.0,1,115.0,Medium
3,3,2,2730.0,5,533.0,0,355.0,Medium
6,3,2,1668.0,0,208.0,1,134.0,Medium
4,4,1,901.0,25,356.0,1,194.0,Low
4,4,1,534.0,10,436.0,1,36.0,Low
5,5,2,1236.0,10,275.0,0,291.0,Low
7,5,1,1150.0,0,190.0,0,489.0,Low
7,2,1,765.0,30,506.0,0,47.0,Medium
1,2,2,743.0,15,255.0,1,405.0,Medium
8,4,2,831.0,5,362.0,1,154.0,Medium
6,3,1,3825.0,0,359.0,0,214.0,Low
2,5,2,2709.0,15,323.0,0,121.0,Low
1,3,2,619.0,25,385.0,1,78.0,Low
6,3,1,1193.0,0,176.0,1,373.0,Low
6,2,2,1415.0,0,474.0,1,385.0,Medium
8,5,2,1409.0,30,265.0,1,344.0,Low
4,2,2,1867.0,40,489.0,1,95.0,High
7,3,2,3129.0,0,579.0,1,138.0,Low
5,3,2,1086.0,0,356.0,0,330.0,Low
3,3,2,2831.0,15,102.0,0,39.0,Low
6,4,2,1199.0,40,54.0,1,24.0,Medium
2,1,1,1483.0,40,423.0,0,218.0,Medium
1,5,1,1261.0,40,498.0,0,338.0,Low
7,4,1,733.0,15,71.0,0,40.0,Medium
8,3,1,1525.0,0,212.0,1,332.0,High
2,5,1,2378.0,10,525.0,0,455.0,Low
5,4,2,2522.0,25,126.0,1,89.0,Medium
6,3,2,1013.0,25,166.0,0,381.0,Low
1,2,1,1021.0,10,474.0,1,85.0,Medium
7,3,1,3960.0,15,538.0,1,269.0,Low
4,1,2,2677.0,15,203.0,0,63.0,Low
5,3,2,1724.0,15,380.0,1,424.0,Low
3,3,2,3783.0,10,192.0,1,32.0,Low
1,2,1,3132.0,40,588.0,0,285.0,Medium
8,1,1,3310.0,0,217.0,0,463.0,Low
8,3,1,3167.0,25,451.0,0,146.0,High
3,1,2,1069.0,5,356.0,0,395.0,Medium
7,1,2,2335.0,25,133.0,1,331.0,High
8,1,1,1610.0,15,375.0,1,452.0,Medium
3,3,2,1841.0,20,175.0,1,222.0,Medium
1,4,1,1147.0,15,76.0,0,187.0,High
2,5,1,1672.0,20,196.0,0,329.0,Low
5,2,1,1493.0,0,401.0,0,389.0,Low
1,3,1,660.0,40,509.0,1,43.0,Medium
6,2,2,772.0,15,246.0,0,45.0,Medium
1,5,1,1008.0,0,589.0,1,464.0,Low
1,5,1,388.0,5,587.0,1,29.0,Low
7,4,2,2421.0,40,47.0,1,454.0,High
8,5,1,1923.0,15,200.0,1,56.0,Low
8,5,2,4638.0,20,322.0,1,441.0,Low
8,2,1,886.0,10,438.0,1,360.0,High
2,5,1,1496.0,40,70.0,0,285.0,Low
8,5,2,2235.0,20,104.0,1,332.0,Low
1,2,2,2777.0,15,134.0,0,76.0,Low
4,5,1,1891.0,30,267.0,1,195.0,Low
5,1,2,1152.0,10,175.0,0,207.0,High
8,1,1,1049.0,30,96.0,1,131.0,Medium
8,5,1,2563.0,30,399.0,1,260.0,Low
5,3,1,3024.0,25,596.0,1,85.0,Low
1,1,2,4936.0,5,41.0,1,176.0,High
3,1,2,963.0,25,318.0,1,479.0,High
4,3,1,1537.0,5,278.0,0,250.0,Medium
7,3,1,1950.0,20,510.0,0,41.0,Low
2,3,2,2662.0,40,300.0,0,55.0,High
8,2,2,3130.0,30,556.0,1,464.0,High
6,2,2,1035.0,30,230.0,0,137.0,High
8,4,2,672.0,5,264.0,0,204.0,Low
3,1,1,875.0,0,377.0,0,454.0,Medium
3,4,1,1541.0,0,588.0,1,371.0,High
2,2,1,684.0,20,488.0,0,226.0,Low
7,2,1,2920.0,30,,1,304.0,Medium
3,1,1,1060.0,30,258.0,1,365.0,High
1,3,1,1401.0,5,387.0,0,20.0,Low
7,4,2,1383.0,30,118.0,0,46.0,Medium
5,2,1,2635.0,5,189.0,0,192.0,Low
4,3,2,1204.0,15,552.0,1,185.0,Medium
3,3,2,1133.0,20,523.0,1,388.0,Medium
7,4,2,2024.0,0,539.0,0,408.0,Low
6,3,2,2408.0,10,59.0,1,182.0,Low
3,2,2,706.0,25,453.0,0,367.0,High
3,5,2,809.0,40,495.0,0,454.0,Low
4,1,1,2273.0,5,105.0,1,24.0,Low
3,4,1,446.0,10,133.0,1,69.0,High
8,2,2,426.0,30,25.0,1,405.0,High
2,4,1,724.0,20,437.0,1,90.0,Low
5,2,1,3231.0,10,489.0,1,307.0,Medium
6,2,1,2506.0,25,272.0,0,441.0,High
1,5,2,1392.0,0,375.0,0,102.0,Low
6,2,2,874.0,20,396.0,0,94.0,Medium
3,5,2,2567.0,25,275.0,0,49.0,Low
1,2,1,2509.0,10,499.0,0,353.0,Medium
2,3,1,1269.0,40,225.0,0,84.0,High
6,3,1,2470.0,30,123.0,1,132.0,Low
8,2,2,1434.0,0,275.0,0,128.0,Low
3,5,2,1798.0,30,431.0,1,273.0,Low
1,1,1,1644.0,10,454.0,0,429.0,High
3,4,1,2356.0,40,303.0,1,20.0,High
1,1,2,648.0,25,410.0,1,493.0,High
5,3,1,1425.0,0,545.0,0,398.0,Low
6,4,1,858.0,20,578.0,0,189.0,Medium
3,2,1,1993.0,0,316.0,0,447.0,High
5,5,1,5680.0,15,346.0,1,343.0,Low
8,3,2,1043.0,25,182.0,1,451.0,High
2,2,2,2998.0,40,554.0,0,179.0,Low
3,3,1,2779.0,40,,0,266.0,Medium
8,2,2,756.0,0,149.0,0,164.0,Medium
6,3,1,2599.0,15,57.0,0,65.0,Low
8,4,2,645.0,25,85.0,1,78.0,Medium
3,2,2,727.0,40,335.0,0,426.0,High
4,2,1,3332.0,10,308.0,1,411.0,High
7,3,2,2403.0,5,352.0,0,476.0,Low
3,2,1,423.0,5,189.0,0,347.0,High
5,2,1,2117.0,15,181.0,1,488.0,Medium
2,5,2,1342.0,20,474.0,0,201.0,Low
8,3,1,754.0,25,184.0,0,55.0,High
5,2,1,1477.0,30,330.0,1,397.0,Medium
7,5,1,290.0,25,188.0,1,209.0,Low
3,2,2,1287.0,0,114.0,0,393.0,High
6,5,1,2727.0,10,453.0,0,380.0,Low
7,5,2,2232.0,20,597.0,1,318.0,Low
7,2,1,529.0,5,107.0,1,91.0,Medium
2,3,2,1327.0,10,440.0,1,489.0,High
7,3,2,3104.0,25,38.0,1,479.0,Low
6,3,1,2717.0,10,98.0,1,247.0,Low
4,5,1,1074.0,0,223.0,0,414.0,Low
8,1,2,710.0,20,206.0,1,216.0,Medium
1,2,2,2718.0,5,489.0,0,211.0,Low
8,4,1,665.0,20,352.0,0,255.0,Medium
1,1,1,1442.0,40,305.0,1,386.0,High
8,5,1,1205.0,15,135.0,0,112.0,Low
1,4,1,814.0,30,84.0,1,144.0,High
1,4,1,1064.0,10,437.0,0,45.0,High
8,2,2,3999.0,30,429.0,0,125.0,Medium
1,5,1,1083.0,15,360.0,0,89.0,Low
2,3,2,1233.0,0,489.0,0,226.0,High
8,4,2,1950.0,25,240.0,1,327.0,Medium
5,2,1,456.0,25,472.0,0,352.0,Medium
1,1,1,2116.0,20,493.0,1,22.0,High
8,3,2,564.0,10,194.0,0,221.0,High
8,2,2,371.0,25,197.0,0,119.0,Medium
1,2,1,1438.0,0,111.0,1,488.0,Medium
3,3,1,2868.0,15,411.0,1,283.0,Medium
7,2,2,3437.0,25,361.0,0,390.0,Medium
3,3,2,1218.0,10,141.0,1,410.0,Medium
4,1,2,2653.0,10,419.0,0,334.0,Low
2,1,1,2312.0,0,393.0,1,236.0,Medium
5,5,1,6169.0,20,141.0,1,291.0,Low
4,5,1,3066.0,25,383.0,1,129.0,Low
1,3,1,1260.0,30,237.0,1,287.0,Medium
7,2,1,1008.0,5,147.0,0,364.0,Medium
3,1,1,690.0,30,270.0,1,15.0,High
2,3,2,7881.0,30,315.0,0,132.0,High
8,4,1,1730.0,30,456.0,1,373.0,Medium
5,3,2,974.0,0,369.0,0,338.0,Low
4,2,1,1752.0,30,249.0,0,92.0,High
3,4,2,3072.0,15,265.0,1,166.0,High
7,4,1,2769.0,30,447.0,0,292.0,Medium
8,1,1,2681.0,25,492.0,1,475.0,Medium
1,4,1,5503.0,0,25.0,0,199.0,Medium
7,2,1,4656.0,30,167.0,0,305.0,Medium
8,5,2,5100.0,25,406.0,1,396.0,Low
5,4,1,2052.0,30,525.0,0,239.0,Medium
1,2,1,1218.0,20,152.0,0,227.0,Medium
3,4,2,1238.0,5,180.0,1,455.0,High
1,3,1,921.0,20,384.0,1,327.0,Medium
5,5,2,2631.0,25,435.0,0,201.0,Low
1,5,1,1000.0,30,491.0,1,135.0,Low
6,2,2,1833.0,15,590.0,0,297.0,Low
8,4,2,2365.0,15,324.0,0,21.0,Low
1,3,2,2317.0,5,321.0,1,154.0,Low
2,2,1,2976.0,5,238.0,1,434.0,Low
8,1,2,1631.0,10,209.0,0,408.0,Low
8,5,1,1376.0,5,105.0,0,416.0,Low
1,1,1,1602.0,25,351.0,1,284.0,High
6,3,1,1841.0,15,23.0,0,399.0,Low
1,2,1,3750.0,20,327.0,1,187.0,Medium
5,4,2,963.0,40,536.0,0,335.0,High
7,2,1,345.0,0,382.0,0,246.0,Medium
7,5,1,5170.0,15,198.0,1,478.0,Low
2,4,1,1536.0,20,316.0,0,84.0,Low
5,2,1,1673.0,0,559.0,0,127.0,Low
6,1,2,1481.0,20,467.0,1,470.0,High
6,5,1,1366.0,30,576.0,0,332.0,Low
6,5,1,795.0,10,277.0,1,414.0,Low
6,4,1,799.0,10,104.0,0,399.0,Medium
6,4,1,1067.0,25,63.0,0,329.0,Medium
1,5,1,1501.0,5,562.0,1,499.0,Low
6,3,1,1011.0,30,384.0,1,138.0,Medium
8,2,1,3363.0,30,376.0,1,144.0,Medium
5,3,1,865.0,5,314.0,0,90.0,Low
4,3,1,2162.0,25,393.0,1,405.0,High
3,5,2,1775.0,30,305.0,0,174.0,Low
3,3,2,3737.0,30,168.0,1,313.0,Medium
4,3,1,1403.0,30,82.0,0,298.0,Medium
7,4,2,751.0,5,184.0,0,128.0,Medium
7,1,1,1761.0,10,586.0,0,181.0,High
6,4,1,2722.0,0,157.0,0,468.0,Medium
4,5,1,1750.0,10,524.0,0,436.0,Low
8,2,2,271.0,5,78.0,0,344.0,Medium
1,2,2,2452.0,40,78.0,0,387.0,Medium
3,4,2,4171.0,25,69.0,1,216.0,High
7,1,2,3865.0,5,91.0,1,135.0,High
7,1,1,1507.0,10,65.0,0,387.0,High
8,2,1,2092.0,25,180.0,0,172.0,Medium
8,5,1,990.0,30,28.0,0,123.0,Low
4,5,2,575.0,0,204.0,0,313.0,Low
3,3,2,2721.0,30,249.0,0,226.0,Low
3,1,1,1878.0,15,577.0,0,461.0,Medium
4,2,1,584.0,10,355.0,0,341.0,High
7,5,1,6691.0,40,132.0,1,419.0,Low
1,2,2,3062.0,15,48.0,1,48.0,Medium
1,3,1,1399.0,30,494.0,1,430.0,Medium
7,3,1,5313.0,15,114.0,1,154.0,Low
5,3,1,1755.0,30,164.0,1,138.0,Low
5,5,1,1807.0,0,228.0,1,205.0,Low
5,4,1,2099.0,10,494.0,1,345.0,High
3,3,1,2075.0,25,418.0,0,330.0,Medium
4,4,1,1063.0,5,231.0,0,41.0,Low
6,3,2,1783.0,5,23.0,0,73.0,Low
6,5,2,916.0,5,176.0,1,280.0,Low
8,2,2,1370.0,30,509.0,0,267.0,Medium
2,2,1,4075.0,30,539.0,0,357.0,Low
3,2,2,1667.0,0,298.0,0,479.0,High
8,4,2,467.0,0,133.0,1,128.0,Low
8,3,1,2679.0,30,354.0,0,451.0,High
3,4,2,3198.0,30,279.0,0,228.0,High
6,4,2,1191.0,30,50.0,1,458.0,High
1,4,1,2613.0,10,35.0,1,393.0,High
6,1,1,3014.0,30,220.0,1,329.0,High
6,5,2,2297.0,15,559.0,1,199.0,Low
7,1,2,620.0,30,257.0,0,172.0,High
6,4,1,599.0,5,438.0,0,364.0,Medium
6,1,2,518.0,5,161.0,1,135.0,High
6,5,1,1336.0,15,209.0,0,177.0,Low
7,2,2,536.0,10,176.0,1,282.0,Medium
8,4,2,1298.0,20,453.0,0,355.0,Medium
3,3,1,1370.0,10,297.0,0,127.0,Low
2,4,2,4135.0,40,261.0,0,24.0,Low
8,2,2,2216.0,10,549.0,1,129.0,Medium
5,4,2,2119.0,10,556.0,0,151.0,Medium
8,2,2,2041.0,10,579.0,1,216.0,Medium
7,4,2,546.0,0,26.0,0,48.0,Low
2,4,2,1295.0,0,83.0,1,135.0,Low
3,4,1,2779.0,40,446.0,0,408.0,High
7,2,1,1609.0,0,42.0,1,478.0,Medium
8,4,2,1685.0,0,531.0,0,171.0,Low
8,3,1,1729.0,15,317.0,1,81.0,High
8,4,1,2554.0,0,412.0,1,263.0,Low
5,5,1,3228.0,15,436.0,0,312.0,Low
1,1,1,1078.0,25,469.0,1,403.0,High
1,1,2,663.0,25,415.0,0,34.0,High
8,5,1,3292.0,5,64.0,1,69.0,Low
4,5,1,1209.0,30,113.0,0,111.0,Low
5,2,2,1610.0,0,537.0,1,459.0,Medium
8,5,1,525.0,15,411.0,0,217.0,Low
1,1,2,3322.0,40,570.0,1,101.0,High
2,3,1,4982.0,0,485.0,1,339.0,High
8,2,2,1032.0,25,511.0,0,303.0,Medium
7,4,2,1146.0,15,538.0,0,313.0,Medium
3,3,1,1352.0,25,110.0,0,74.0,Medium
7,5,1,1420.0,40,70.0,0,298.0,Low
6,2,1,2123.0,10,318.0,0,498.0,Medium
2,2,2,2720.0,0,148.0,0,318.0,Low
1,3,1,1140.0,30,503.0,0,176.0,Low
2,4,1,798.0,10,36.0,1,179.0,Low
8,1,1,6674.0,0,189.0,0,136.0,Low
7,4,1,1291.0,15,447.0,0,125.0,Medium
5,5,1,1617.0,30,501.0,0,35.0,Low
2,1,2,935.0,30,311.0,0,246.0,Medium
8,4,2,1080.0,15,172.0,1,82.0,Low
7,4,1,1815.0,30,554.0,1,216.0,Medium
1,5,1,1676.0,30,218.0,0,288.0,Low
4,1,2,1629.0,25,410.0,0,335.0,Medium
8,2,1,890.0,10,377.0,0,42.0,Medium
8,2,2,857.0,0,89.0,1,465.0,Medium
5,3,1,1055.0,40,336.0,1,457.0,Medium
3,2,2,2109.0,30,434.0,1,402.0,High
4,1,2,3678.0,40,85.0,1,164.0,Medium
2,4,2,2560.0,20,361.0,0,251.0,Low
3,3,1,996.0,5,194.0,0,291.0,Low
1,4,1,939.0,10,191.0,0,481.0,High
8,4,2,1255.0,20,297.0,1,348.0,Medium
3,4,1,1136.0,20,461.0,1,489.0,High
4,3,2,1884.0,5,565.0,0,170.0,Medium
4,1,1,1023.0,25,559.0,0,219.0,Medium
8,1,1,2501.0,25,459.0,1,190.0,Medium
5,1,1,1956.0,15,573.0,1,240.0,High
4,2,2,1748.0,0,324.0,1,314.0,High
1,1,2,1905.0,15,105.0,1,263.0,High
6,3,1,500.0,10,401.0,1,51.0,Low
8,4,2,1630.0,10,410.0,0,266.0,Low
7,5,1,2171.0,5,587.0,0,476.0,Low
1,2,1,1180.0,20,292.0,0,47.0,Low
7,3,1,456.0,10,538.0,0,309.0,Low
6,4,1,2334.0,20,546.0,1,454.0,Medium
6,1,1,2849.0,15,217.0,0,499.0,Medium
4,5,2,901.0,20,406.0,1,419.0,Low
3,3,1,,20,116.0,0,403.0,Medium
3,4,2,9772.0,40,267.0,1,85.0,High
6,4,2,1994.0,20,372.0,0,294.0,Medium
1,2,1,1492.0,30,550.0,0,147.0,Low
3,1,1,903.0,40,136.0,1,284.0,High
1,5,1,845.0,30,310.0,0,382.0,Low
4,4,2,521.0,30,532.0,0,327.0,Low
6,3,2,995.0,15,424.0,0,14.0,Low
3,5,1,1834.0,10,517.0,1,311.0,Low
7,1,2,3091.0,10,78.0,1,36.0,High
8,2,1,711.0,40,410.0,0,400.0,High
7,1,1,933.0,25,427.0,1,219.0,High
7,4,2,2116.0,20,395.0,0,407.0,Medium
5,5,1,2916.0,30,526.0,1,27.0,Low
4,4,1,1047.0,25,592.0,0,464.0,Low
6,4,1,7770.0,0,222.0,1,236.0,Medium
8,2,1,1314.0,15,575.0,1,439.0,Medium
2,5,1,886.0,30,97.0,0,313.0,Low
5,3,2,1404.0,40,593.0,0,129.0,Low
6,2,2,1503.0,30,362.0,0,248.0,Medium
5,5,2,544.0,25,265.0,1,368.0,Low
6,2,1,4934.0,20,279.0,1,372.0,High
1,2,2,2396.0,15,321.0,0,250.0,Low
7,3,1,3487.0,10,420.0,0,103.0,Low
4,3,1,2020.0,10,320.0,0,245.0,Medium
6,3,1,2475.0,5,533.0,1,354.0,Low
7,2,2,1986.0,15,45.0,0,28.0,Low
4,5,1,2639.0,0,267.0,0,462.0,Low
7,1,2,768.0,10,570.0,1,194.0,High
2,3,1,962.0,20,585.0,1,17.0,High
2,2,1,1051.0,25,265.0,1,298.0,Medium
4,5,2,7187.0,15,28.0,0,15.0,Low
6,2,1,782.0,10,322.0,0,125.0,Medium
4,1,1,1011.0,15,232.0,0,216.0,Low
8,3,1,6572.0,5,146.0,1,129.0,High
8,2,1,1276.0,5,386.0,1,433.0,High
7,3,2,738.0,15,331.0,1,23.0,Low
4,1,1,4515.0,20,51.0,0,172.0,Medium
1,2,1,3052.0,0,500.0,0,89.0,Low
1,5,2,1537.0,25,439.0,0,351.0,Low
5,2,2,1105.0,25,578.0,0,349.0,Low
7,3,1,860.0,40,438.0,1,311.0,Medium
3,3,1,6577.0,40,225.0,1,136.0,Medium
7,2,2,1168.0,20,583.0,1,350.0,Medium
6,1,2,4750.0,20,586.0,1,408.0,High
7,2,1,1658.0,10,50.0,0,448.0,Medium
6,5,2,531.0,10,285.0,0,416.0,Low
4,4,1,582.0,40,537.0,1,461.0,Medium
2,3,1,1165.0,30,124.0,0,417.0,High
5,5,1,4432.0,30,53.0,0,386.0,Low
1,4,1,2679.0,15,465.0,0,426.0,High
2,5,2,3370.0,30,401.0,0,233.0,Low
6,1,2,759.0,20,290.0,0,40.0,Medium
2,3,2,2634.0,10,473.0,1,236.0,High
7,5,2,1999.0,40,44.0,1,185.0,Low
1,5,2,2028.0,15,55.0,0,425.0,Low
1,5,2,1424.0,5,21.0,0,288.0,Low
8,2,2,1221.0,5,470.0,0,429.0,Medium
4,5,2,1908.0,15,65.0,1,22.0,Low
1,4,1,1382.0,15,376.0,1,444.0,High
3,4,1,625.0,30,305.0,1,373.0,High
3,1,2,3773.0,20,64.0,0,165.0,Medium
3,2,2,500.0,30,479.0,1,116.0,High
2,1,1,2912.0,25,505.0,0,364.0,Medium
4,2,1,2116.0,0,419.0,0,147.0,Medium
2,3,1,2478.0,5,575.0,1,360.0,High
6,2,2,674.0,10,68.0,0,138.0,Low
8,4,1,261.0,40,115.0,1,138.0,Medium
8,1,1,1441.0,20,414.0,0,252.0,Medium
6,5,1,1949.0,20,537.0,1,281.0,Low
6,3,1,1439.0,15,228.0,1,403.0,Low
6,4,1,3372.0,5,293.0,1,124.0,Medium
5,2,1,2054.0,40,149.0,0,433.0,Medium
4,2,1,3377.0,25,411.0,0,312.0,High
4,5,1,1576.0,20,132.0,1,150.0,Low
5,2,1,889.0,40,238.0,0,362.0,Medium
7,5,1,2776.0,40,582.0,0,17.0,Low
5,3,2,580.0,30,272.0,1,42.0,Low
8,3,1,1460.0,25,452.0,1,382.0,High
2,5,2,943.0,20,449.0,0,455.0,Low
8,3,1,3639.0,10,197.0,0,218.0,High
8,2,1,972.0,10,462.0,1,458.0,High
5,3,1,1592.0,15,390.0,1,202.0,Low
2,1,1,1197.0,10,42.0,0,190.0,Medium
2,3,2,4578.0,30,283.0,0,112.0,High
2,3,1,1409.0,10,21.0,1,269.0,High
3,1,1,1878.0,5,417.0,1,269.0,Medium
7,2,1,1958.0,20,72.0,1,162.0,High
8,1,2,2354.0,20,223.0,0,330.0,Medium
2,3,1,851.0,5,491.0,1,48.0,High
1,4,2,925.0,30,509.0,0,341.0,High
8,2,2,1615.0,20,538.0,1,401.0,Medium
3,3,2,2370.0,5,416.0,0,474.0,Medium
8,2,1,1765.0,15,414.0,1,404.0,High
6,1,1,1388.0,5,196.0,0,114.0,Medium
6,1,2,459.0,25,565.0,1,352.0,High
5,2,1,1440.0,30,428.0,1,454.0,Medium
2,4,2,3439.0,15,26.0,1,498.0,Medium
3,2,1,3408.0,5,264.0,0,422.0,High
6,3,2,3706.0,0,425.0,0,468.0,Low
4,3,1,829.0,20,394.0,1,301.0,High
8,4,2,1674.0,30,214.0,1,368.0,Medium
5,2,1,1051.0,20,211.0,0,177.0,Low
4,4,2,1614.0,40,391.0,0,297.0,Low
8,2,1,2691.0,15,473.0,0,259.0,Medium
2,5,1,3023.0,25,114.0,0,12.0,Low
4,1,1,1637.0,20,157.0,0,124.0,Low
2,1,2,730.0,10,498.0,1,243.0,Medium
1,2,1,1073.0,40,31.0,0,377.0,Medium
4,5,1,881.0,25,239.0,0,148.0,Low
2,2,1,1637.0,40,462.0,0,382.0,Medium
6,3,1,739.0,15,581.0,0,319.0,Medium
7,5,1,2267.0,5,483.0,0,323.0,Low
1,1,2,616.0,20,499.0,1,26.0,High
8,3,2,881.0,5,486.0,1,154.0,High
4,2,2,301.0,5,323.0,1,130.0,High
2,1,1,670.0,20,257.0,0,158.0,Medium
4,4,2,2133.0,0,69.0,0,250.0,Low
1,5,2,1305.0,10,335.0,1,147.0,Low
5,3,2,748.0,30,338.0,0,126.0,Low
8,1,2,1066.0,20,303.0,0,271.0,Low
5,2,2,1358.0,20,193.0,0,123.0,Low
1,4,1,1993.0,20,260.0,0,449.0,High
7,1,2,5274.0,40,478.0,0,12.0,High
4,2,2,1525.0,40,432.0,0,129.0,High
7,3,1,351.0,10,517.0,0,240.0,Low
4,2,1,1181.0,15,513.0,0,309.0,High
2,2,1,1301.0,0,353.0,1,75.0,Low
8,4,1,2542.0,0,41.0,1,466.0,Medium
2,2,2,1995.0,30,313.0,1,243.0,Low
6,2,2,3139.0,40,282.0,1,419.0,High
3,4,2,2222.0,40,571.0,0,146.0,High
6,3,1,1707.0,5,326.0,0,274.0,Low
8,5,2,,25,150.0,0,133.0,Low
8,1,2,1241.0,0,42.0,0,222.0,Low
1,4,1,1845.0,15,474.0,0,485.0,High
4,3,2,1878.0,25,62.0,0,193.0,Medium
3,3,2,1360.0,20,249.0,1,163.0,Medium
4,2,2,3247.0,10,273.0,0,257.0,High
8,4,1,621.0,5,79.0,0,76.0,Low
4,4,2,185.0,40,332.0,0,250.0,Low
7,2,1,1575.0,5,121.0,1,415.0,Medium
7,5,2,750.0,5,325.0,0,454.0,Low
5,4,1,4397.0,40,378.0,0,298.0,Medium
8,4,1,1335.0,20,94.0,0,93.0,Medium
8,1,2,1148.0,25,238.0,0,344.0,Low
5,4,2,1199.0,40,262.0,1,123.0,High
8,3,1,1644.0,40,122.0,0,240.0,High
6,2,1,3020.0,0,140.0,1,46.0,Medium
7,3,1,2012.0,10,536.0,0,31.0,Low
5,3,1,1491.0,40,190.0,1,83.0,Medium
2,2,1,1827.0,5,73.0,0,172.0,Low
3,1,1,3299.0,10,555.0,1,347.0,High
6,2,2,1546.0,40,221.0,0,371.0,High
6,4,2,1951.0,25,522.0,0,77.0,Medium
3,1,1,562.0,25,222.0,0,312.0,Medium
1,2,1,1245.0,15,357.0,0,395.0,Medium
8,4,1,2965.0,15,169.0,1,319.0,Medium
7,4,2,1686.0,0,228.0,0,63.0,Low
1,5,2,1663.0,10,52.0,1,124.0,Low
8,1,1,2781.0,5,331.0,0,276.0,Low
5,2,2,1962.0,30,545.0,1,188.0,Medium
2,1,1,810.0,40,254.0,0,437.0,High
1,4,1,2588.0,20,381.0,0,394.0,High
7,3,1,4551.0,0,469.0,1,436.0,Low
3,3,1,2606.0,0,516.0,0,278.0,Medium
6,2,2,862.0,0,36.0,1,343.0,Medium
3,3,1,763.0,10,138.0,1,313.0,Medium
2,1,1,2378.0,30,217.0,1,22.0,Medium
5,3,2,1474.0,0,135.0,0,190.0,Low
2,2,1,1908.0,5,298.0,1,345.0,Low
4,2,1,1231.0,0,123.0,1,100.0,High
4,3,2,2432.0,30,262.0,1,27.0,Medium
2,1,1,2836.0,5,545.0,0,164.0,Medium
4,4,2,267.0,10,500.0,1,205.0,Low
5,3,1,454.0,10,443.0,0,61.0,Low
5,3,1,1532.0,20,297.0,1,70.0,Medium
2,3,1,2111.0,10,280.0,1,248.0,High
3,3,1,1123.0,25,475.0,0,456.0,Medium
3,2,1,1375.0,20,482.0,0,17.0,High
7,1,2,2239.0,10,391.0,0,108.0,High
8,4,2,686.0,10,339.0,1,129.0,Medium
4,3,1,6156.0,5,99.0,1,241.0,Medium
3,4,1,2157.0,30,431.0,1,420.0,High
8,2,2,1101.0,20,521.0,1,450.0,High
1,3,2,1788.0,20,575.0,1,237.0,Medium
5,5,2,3244.0,5,330.0,0,437.0,Low
6,3,2,919.0,40,41.0,0,420.0,Low
7,3,1,2066.0,30,256.0,0,424.0,Low
8,2,2,1199.0,40,575.0,1,268.0,High
7,2,2,2359.0,10,352.0,1,359.0,Medium
4,4,1,1477.0,10,35.0,0,336.0,Low
5,1,1,3750.0,30,492.0,0,438.0,High
4,1,2,859.0,15,26.0,0,344.0,Medium
6,2,1,3873.0,15,221.0,0,433.0,Medium
8,1,2,2793.0,15,475.0,0,210.0,Low
4,3,1,1667.0,0,569.0,1,67.0,Medium
6,5,1,3040.0,40,345.0,1,51.0,Low
5,1,2,4182.0,20,208.0,0,281.0,High
4,2,1,1626.0,0,502.0,1,408.0,High
4,5,1,815.0,5,594.0,1,160.0,Low
6,3,2,1003.0,5,198.0,0,182.0,Low
5,1,2,2363.0,25,313.0,0,412.0,High
8,3,2,376.0,30,39.0,1,57.0,High
6,4,1,1521.0,10,460.0,1,139.0,Medium
4,4,1,2392.0,30,496.0,1,468.0,Low
7,1,2,1412.0,40,160.0,0,294.0,High
6,2,1,2267.0,30,167.0,0,149.0,Medium
1,5,1,806.0,0,147.0,1,134.0,Low
2,2,2,1036.0,25,409.0,0,74.0,Low
2,3,2,2508.0,15,573.0,0,186.0,High
6,2,1,1802.0,25,75.0,0,21.0,Medium
3,4,1,514.0,5,525.0,0,130.0,High
6,4,2,1863.0,40,465.0,1,458.0,High
7,3,1,2428.0,15,379.0,0,11.0,Low
4,3,1,457.0,30,364.0,0,170.0,High
2,4,1,1143.0,25,152.0,0,409.0,Low
4,3,2,3766.0,25,340.0,1,334.0,Medium
5,5,1,4685.0,0,232.0,1,24.0,Low
3,3,2,2965.0,20,306.0,0,127.0,Low
6,4,1,953.0,0,284.0,1,41.0,Medium
4,5,1,2006.0,10,108.0,1,399.0,Low
6,1,1,2028.0,40,525.0,1,468.0,High
5,4,1,3212.0,15,194.0,1,164.0,Medium
2,1,2,2763.0,25,208.0,1,38.0,Medium
6,1,1,2097.0,5,335.0,0,408.0,Medium
3,5,1,3063.0,25,494.0,0,143.0,Low
7,5,1,2553.0,5,461.0,0,247.0,Low
1,1,1,802.0,10,138.0,0,268.0,High
4,2,2,1808.0,40,507.0,0,209.0,High
8,2,1,2280.0,20,372.0,1,169.0,Medium
8,1,1,1211.0,30,392.0,0,417.0,Medium
7,4,1,780.0,0,359.0,1,53.0,Medium
5,1,2,484.0,25,298.0,0,57.0,High
5,3,1,506.0,10,139.0,0,211.0,Low
3,5,2,3854.0,30,411.0,1,286.0,Low
8,1,2,1800.0,5,125.0,0,434.0,Low
5,1,1,628.0,5,312.0,0,194.0,High
4,4,1,5391.0,20,76.0,0,38.0,Low
6,4,1,3775.0,40,510.0,1,396.0,High
6,4,2,960.0,15,512.0,0,84.0,Medium
7,4,1,1873.0,25,388.0,1,384.0,Medium
1,1,1,1405.0,15,176.0,1,459.0,High
4,1,2,796.0,20,382.0,1,259.0,Medium
5,4,1,2225.0,5,495.0,0,368.0,Medium
6,2,2,3995.0,30,583.0,0,61.0,Medium
3,3,1,2472.0,25,125.0,1,287.0,Medium
7,1,1,1709.0,0,444.0,1,41.0,High
2,5,1,803.0,15,479.0,1,206.0,Low
4,3,2,1557.0,20,396.0,0,11.0,Medium
6,2,2,3477.0,25,389.0,1,231.0,Medium
8,1,2,751.0,30,252.0,0,345.0,Medium
1,4,1,2152.0,15,366.0,0,282.0,High
4,2,1,747.0,0,70.0,0,80.0,High
7,5,2,347.0,10,233.0,0,441.0,Low
3,1,1,1269.0,0,227.0,1,84.0,Medium
1,3,2,395.0,5,111.0,0,421.0,Medium
7,4,2,481.0,40,169.0,0,294.0,High
8,4,1,1554.0,20,435.0,0,73.0,Low
5,2,1,229.0,5,214.0,0,181.0,Low
4,5,1,1370.0,5,515.0,0,189.0,Low
6,4,1,1692.0,15,133.0,1,365.0,High
5,4,1,1027.0,30,343.0,0,56.0,High
6,4,2,251.0,10,322.0,0,253.0,Medium
2,3,1,1342.0,10,46.0,1,122.0,High
8,1,1,3713.0,10,390.0,1,109.0,Medium
6,5,1,2406.0,40,550.0,0,349.0,Low
5,1,1,498.0,15,514.0,0,148.0,High
3,5,1,1727.0,15,279.0,0,429.0,Low
4,3,2,326.0,40,339.0,0,421.0,High
6,4,1,2881.0,10,175.0,0,494.0,Medium
2,4,1,924.0,5,531.0,0,286.0,Low
5,1,1,2814.0,0,259.0,1,436.0,High
2,3,2,1532.0,5,103.0,0,19.0,Medium
1,5,2,2261.0,0,405.0,0,81.0,Low
7,2,1,730.0,40,84.0,0,264.0,Medium
3,1,2,4601.0,30,54.0,0,225.0,Medium
2,2,1,1733.0,10,596.0,0,181.0,Low
4,3,1,1346.0,5,446.0,0,224.0,Medium
4,4,2,1222.0,30,98.0,0,263.0,Low
1,4,1,2553.0,30,21.0,0,419.0,High
6,4,1,994.0,0,370.0,0,377.0,Medium
5,3,2,759.0,20,113.0,0,338.0,Low
8,1,2,4561.0,30,129.0,0,308.0,Low
3,3,2,214.0,15,149.0,0,238.0,Medium
8,5,2,1117.0,5,460.0,0,301.0,Low
3,5,1,1150.0,40,320.0,0,22.0,Low
2,1,2,1411.0,0,117.0,0,386.0,Medium
1,2,2,1511.0,25,118.0,0,213.0,Medium
7,3,2,1741.0,0,100.0,0,413.0,Low
7,3,2,686.0,10,202.0,1,396.0,Low
2,3,1,597.0,25,322.0,0,425.0,High
2,5,1,1519.0,40,217.0,0,36.0,Low
4,1,1,1263.0,25,155.0,1,431.0,Medium
3,2,2,3050.0,40,370.0,1,457.0,High
5,1,1,3799.0,0,165.0,1,255.0,High
8,4,1,2695.0,5,422.0,0,457.0,Low
3,4,2,1887.0,30,309.0,0,312.0,High
1,2,1,1728.0,30,491.0,0,284.0,Medium
2,4,1,2008.0,40,352.0,1,24.0,Medium
4,2,1,3061.0,5,358.0,1,29.0,High
6,3,1,1353.0,30,581.0,0,183.0,Low
4,1,1,2802.0,5,588.0,0,87.0,Low
3,1,2,3444.0,25,423.0,0,155.0,Medium
1,5,1,749.0,40,290.0,0,373.0,Low
7,2,2,2865.0,40,84.0,0,186.0,Medium
5,1,1,2198.0,25,363.0,1,255.0,High
6,3,1,563.0,15,565.0,1,426.0,Low
3,4,2,2026.0,20,597.0,0,307.0,High
7,3,1,3292.0,0,314.0,1,492.0,Low
8,3,1,4637.0,20,469.0,0,228.0,High
3,1,1,3882.0,20,101.0,1,245.0,Medium
4,2,1,1843.0,5,367.0,0,245.0,High
3,1,2,1448.0,0,542.0,0,240.0,Medium
7,4,1,844.0,20,363.0,0,382.0,Medium
7,3,2,1655.0,15,282.0,1,304.0,Low
1,5,2,3370.0,40,363.0,0,66.0,Low
8,2,2,2401.0,40,135.0,1,18.0,Medium
4,4,2,1059.0,5,22.0,1,299.0,Low
1,2,2,2016.0,10,85.0,1,327.0,Medium
8,3,1,1202.0,30,336.0,0,410.0,High
8,4,1,2071.0,15,370.0,0,274.0,Medium
3,1,2,772.0,30,240.0,1,161.0,High
4,2,2,4943.0,30,539.0,1,448.0,High
8,2,1,1350.0,30,63.0,1,66.0,Medium
5,2,1,1117.0,10,340.0,0,10.0,Low
7,4,1,1843.0,15,486.0,0,126.0,Medium
3,5,1,5170.0,40,429.0,1,331.0,Low
1,5,2,2958.0,0,593.0,1,58.0,Low
6,4,2,2563.0,25,532.0,0,372.0,Medium
6,4,1,2116.0,25,496.0,0,242.0,Medium
4,2,2,2330.0,15,88.0,1,67.0,High
7,3,2,1990.0,0,336.0,0,25.0,Low
5,4,2,2583.0,15,428.0,0,117.0,Medium
7,3,1,2534.0,15,104.0,1,443.0,Low
8,3,1,1099.0,25,42.0,0,241.0,High
4,4,1,589.0,20,438.0,0,80.0,Low
8,4,1,2598.0,25,340.0,0,43.0,Low
3,4,2,227.0,30,305.0,1,482.0,High
4,1,1,925.0,10,232.0,1,392.0,Medium
4,1,2,2552.0,40,388.0,0,306.0,Medium
8,5,2,1799.0,15,572.0,0,149.0,Low
8,1,1,1370.0,5,483.0,1,294.0,Low
6,1,1,584.0,40,463.0,0,403.0,High
6,1,1,928.0,40,155.0,1,227.0,High
7,3,1,3118.0,15,394.0,1,244.0,Low
4,1,2,287.0,0,245.0,0,412.0,Low
8,3,1,797.0,40,77.0,0,103.0,High
6,1,2,1254.0,40,225.0,0,296.0,High
1,4,1,2810.0,40,568.0,1,80.0,High
8,5,1,835.0,25,52.0,0,255.0,Low
4,5,2,1049.0,25,36.0,0,215.0,Low
8,5,1,311.0,5,62.0,1,193.0,Low
2,5,2,1402.0,30,564.0,0,409.0,Low
2,5,1,1248.0,20,163.0,1,415.0,Low
8,4,2,3917.0,40,69.0,1,334.0,Medium
8,3,1,788.0,10,69.0,0,48.0,High
8,5,2,2227.0,40,595.0,1,370.0,Low
5,2,1,308.0,10,477.0,1,294.0,Medium
6,3,1,1156.0,40,384.0,1,,Medium
3,3,2,1431.0,15,234.0,1,85.0,Low
3,4,2,1253.0,0,350.0,0,306.0,Medium
2,3,2,1963.0,10,189.0,0,489.0,High
8,3,1,3907.0,0,99.0,0,402.0,High
5,5,2,908.0,25,375.0,1,251.0,Low
5,3,1,2382.0,20,25.0,0,228.0,Low
6,1,1,2585.0,20,341.0,1,327.0,High
7,4,2,3077.0,30,317.0,1,222.0,Medium
2,3,1,1033.0,25,595.0,1,398.0,High
5,1,2,2659.0,30,523.0,0,149.0,High
6,3,2,1246.0,5,180.0,1,499.0,Low
5,2,1,3541.0,40,523.0,0,409.0,Medium
8,5,1,957.0,20,586.0,0,225.0,Low
4,4,2,1484.0,20,501.0,1,396.0,Low
8,3,1,2503.0,20,412.0,0,345.0,High
5,3,1,1724.0,5,518.0,1,312.0,Low
6,4,1,1063.0,20,113.0,1,370.0,High
5,3,1,1622.0,10,531.0,0,107.0,Low
4,1,2,3503.0,40,335.0,0,265.0,Medium
3,5,1,2326.0,30,140.0,0,178.0,Low
8,3,2,639.0,5,501.0,1,488.0,High
7,4,1,2973.0,20,396.0,1,53.0,Medium
6,1,1,2014.0,5,240.0,0,128.0,Medium
1,2,1,2360.0,0,171.0,1,340.0,Medium
5,5,1,670.0,30,179.0,0,344.0,Low
8,2,1,3512.0,25,447.0,0,359.0,Medium
7,2,2,2264.0,40,307.0,1,11.0,Medium
1,1,2,1327.0,40,538.0,0,366.0,High
5,5,2,4155.0,30,428.0,0,372.0,Low
7,1,1,1771.0,30,415.0,1,310.0,High
8,3,2,248.0,10,268.0,0,376.0,High
4,1,1,472.0,5,352.0,0,128.0,Medium
6,4,1,935.0,0,156.0,0,264.0,Medium
6,4,1,1718.0,20,199.0,1,68.0,High
6,2,1,1942.0,5,475.0,1,70.0,Medium
5,3,2,1849.0,25,439.0,0,361.0,Low
3,4,1,396.0,25,194.0,0,43.0,High
6,2,1,1172.0,5,328.0,1,313.0,Medium
6,2,1,6752.0,15,109.0,1,103.0,Medium
4,3,1,944.0,5,537.0,1,296.0,Medium
2,3,1,883.0,25,330.0,0,283.0,High
4,1,2,1534.0,0,330.0,0,496.0,Low
8,5,1,1986.0,5,548.0,0,190.0,Low
4,2,1,1536.0,5,533.0,0,79.0,High
7,3,1,4968.0,40,118.0,0,150.0,Low
2,1,1,1861.0,20,535.0,0,286.0,Medium
2,5,1,3215.0,10,476.0,0,445.0,Low
7,2,2,1219.0,0,195.0,0,89.0,Low
1,1,2,2703.0,30,367.0,1,364.0,High
3,3,1,1884.0,5,488.0,0,431.0,Medium
2,1,1,2558.0,25,47.0,0,348.0,Medium
6,4,2,274.0,30,295.0,0,35.0,Medium
8,5,2,2773.0,15,514.0,1,264.0,Low
2,5,2,2149.0,15,62.0,0,326.0,Low
4,1,1,1940.0,20,436.0,0,390.0,Medium
3,4,1,2550.0,5,361.0,1,63.0,Medium
2,5,2,1515.0,0,67.0,0,322.0,Low
3,4,2,1954.0,20,419.0,1,170.0,High
2,4,1,477.0,0,567.0,0,339.0,Low
7,5,2,2780.0,40,279.0,0,416.0,Low
6,2,1,1886.0,25,184.0,0,311.0,Medium
3,5,1,358.0,0,242.0,1,58.0,Low
6,2,2,5673.0,30,31.0,0,473.0,Medium
3,2,1,1625.0,10,471.0,1,52.0,High
8,4,2,2667.0,5,46.0,0,161.0,Low
8,4,2,3257.0,10,193.0,1,175.0,Low
7,4,1,4910.0,5,487.0,0,42.0,Low
1,1,1,1040.0,40,214.0,0,203.0,High
1,2,2,541.0,30,396.0,0,462.0,Medium
6,2,1,692.0,5,299.0,1,179.0,Medium
7,1,1,4239.0,0,323.0,1,149.0,High
8,2,2,4491.0,40,442.0,1,256.0,High
3,2,2,1089.0,5,27.0,1,199.0,High
8,2,1,1901.0,40,517.0,1,170.0,High
7,1,1,2533.0,30,57.0,0,497.0,High
7,4,1,1095.0,20,180.0,0,258.0,Medium
1,1,1,4982.0,30,114.0,1,311.0,High
5,2,1,1618.0,10,293.0,0,461.0,Low
7,5,1,985.0,40,576.0,0,68.0,Low
7,5,2,1295.0,15,177.0,1,427.0,Low
6,1,2,1679.0,20,167.0,1,70.0,Medium
5,1,1,2493.0,40,580.0,0,338.0,High
3,2,2,631.0,20,566.0,0,279.0,High
4,2,1,2415.0,40,307.0,0,130.0,High
6,1,2,620.0,25,142.0,0,10.0,Medium
3,3,2,2311.0,10,335.0,1,22.0,Low
2,5,2,917.0,25,470.0,1,31.0,Low
4,1,2,1404.0,0,564.0,0,221.0,Low
5,4,2,3616.0,5,327.0,0,351.0,Medium
2,1,2,5227.0,20,218.0,1,76.0,Low
7,2,2,3171.0,10,115.0,0,249.0,Medium
8,5,1,1253.0,0,230.0,1,356.0,Low
6,1,1,2329.0,5,365.0,1,362.0,High
3,3,1,1781.0,5,319.0,1,123.0,Low
1,3,1,,25,27.0,0,399.0,Low
1,5,1,2828.0,25,473.0,1,142.0,Low
1,5,1,4847.0,5,306.0,0,177.0,Low
6,2,1,1731.0,20,110.0,0,410.0,High
1,2,1,1091.0,0,303.0,1,70.0,Low
7,1,1,3000.0,20,282.0,1,138.0,High
1,2,1,1658.0,20,376.0,0,342.0,Medium
2,5,1,1515.0,0,343.0,1,492.0,Low
1,3,1,2244.0,20,304.0,0,26.0,Low
2,3,1,2631.0,15,257.0,1,73.0,High
7,1,2,1874.0,10,367.0,1,236.0,High
1,5,1,1583.0,25,137.0,0,95.0,Low
1,5,1,1870.0,0,348.0,0,383.0,Low
2,2,2,3342.0,5,345.0,1,469.0,Low
8,3,2,793.0,10,308.0,1,85.0,High
6,3,1,1865.0,5,110.0,0,266.0,Low
5,1,1,2699.0,30,387.0,0,182.0,High
8,1,1,1976.0,30,91.0,1,483.0,Medium
2,1,1,1501.0,10,218.0,0,464.0,Medium
8,3,1,490.0,40,101.0,0,338.0,High
1,5,1,2781.0,40,567.0,1,329.0,Low
8,2,1,1165.0,15,188.0,0,328.0,Medium
4,5,2,1915.0,10,75.0,0,312.0,Low
3,2,2,704.0,15,581.0,1,135.0,High
2,1,1,1873.0,25,415.0,0,275.0,High
6,4,2,1177.0,0,261.0,1,358.0,Medium
6,2,1,1888.0,40,222.0,0,243.0,High
8,3,1,1024.0,25,435.0,0,320.0,High
5,1,1,1085.0,20,114.0,0,449.0,High
5,3,1,1415.0,0,138.0,0,425.0,Low
6,5,2,6519.0,20,328.0,1,355.0,Low
1,3,2,1755.0,40,529.0,1,194.0,Medium
6,2,2,1727.0,40,361.0,1,136.0,Medium
8,1,2,638.0,20,258.0,1,451.0,Medium
8,5,1,3410.0,20,532.0,1,243.0,Low
4,2,1,1144.0,15,357.0,1,412.0,High
3,3,2,980.0,10,28.0,0,171.0,Low
6,5,1,2597.0,30,385.0,0,298.0,Low
8,5,1,252.0,15,183.0,0,326.0,Low
1,2,2,1261.0,30,593.0,0,391.0,Medium
6,4,1,2051.0,30,161.0,0,79.0,Medium
3,5,1,2374.0,30,337.0,1,336.0,Low
5,4,2,1197.0,30,483.0,1,404.0,High
3,3,1,796.0,40,162.0,1,397.0,High
1,3,2,1638.0,25,262.0,0,392.0,Low
8,1,2,2014.0,5,583.0,0,186.0,Low
5,1,2,514.0,30,581.0,1,169.0,High
5,2,1,1351.0,10,328.0,0,435.0,Low
1,1,1,1444.0,30,188.0,1,188.0,High
4,5,1,2619.0,25,44.0,1,217.0,Low
4,1,2,1452.0,40,310.0,0,66.0,Low
6,5,1,1333.0,20,191.0,0,473.0,Low
6,2,1,3584.0,30,99.0,0,403.0,High
2,1,1,1826.0,40,267.0,0,439.0,High
7,4,1,911.0,10,222.0,0,381.0,Medium
2,2,2,866.0,25,419.0,0,79.0,Low
4,3,1,3957.0,0,189.0,0,105.0,Medium
7,1,1,6003.0,0,27.0,1,212.0,High
1,5,1,1468.0,30,333.0,0,264.0,Low
2,2,1,875.0,10,129.0,0,248.0,Low
5,1,1,1477.0,5,119.0,0,88.0,Medium
2,4,1,1408.0,40,429.0,0,84.0,Low
6,4,2,3536.0,0,279.0,0,390.0,Medium
4,1,1,591.0,15,529.0,1,126.0,Medium
5,1,1,818.0,5,196.0,1,53.0,High
2,2,2,2162.0,30,474.0,0,110.0,Low
7,1,1,1030.0,15,588.0,1,280.0,High
7,4,1,513.0,15,62.0,0,437.0,Medium
4,3,1,1238.0,20,414.0,1,144.0,High
4,3,2,1417.0,30,596.0,1,146.0,High
3,5,1,2149.0,10,215.0,1,290.0,Low
7,4,2,1451.0,5,483.0,1,374.0,Medium
2,2,1,1302.0,30,511.0,1,490.0,Medium
8,4,1,1351.0,15,591.0,1,348.0,Medium
8,4,2,4397.0,40,356.0,1,47.0,Medium
3,1,1,2128.0,5,403.0,0,499.0,High
5,3,1,2254.0,20,405.0,0,468.0,Low
4,1,2,2033.0,25,188.0,1,454.0,Medium
4,3,2,2416.0,40,37.0,0,214.0,Medium
6,3,1,1173.0,30,571.0,0,208.0,Medium
1,3,2,2612.0,20,516.0,1,307.0,Medium
2,2,2,1302.0,30,188.0,0,437.0,Low
5,4,2,2166.0,0,293.0,1,309.0,Medium
5,3,1,1604.0,25,275.0,0,240.0,Low
2,3,1,614.0,15,171.0,1,340.0,High
8,3,2,2681.0,5,467.0,1,334.0,High
2,1,1,,20,136.0,1,27.0,Medium
2,2,1,1947.0,25,355.0,0,154.0,Low
3,4,2,1665.0,40,369.0,1,380.0,High
5,2,2,2057.0,0,142.0,0,351.0,Low
6,5,1,2646.0,40,591.0,0,28.0,Low
3,4,1,2757.0,5,159.0,0,453.0,High
7,4,1,879.0,20,199.0,0,386.0,Medium
6,1,1,3607.0,15,303.0,1,181.0,High
3,1,2,2353.0,40,189.0,0,235.0,High
6,5,1,1175.0,30,331.0,1,291.0,Low
7,5,1,2010.0,0,162.0,0,234.0,Low
8,4,2,1892.0,30,292.0,1,387.0,Medium
5,4,1,1672.0,5,81.0,0,183.0,Medium
4,5,1,1508.0,30,305.0,0,69.0,Low
6,3,2,2065.0,5,510.0,0,309.0,Low
7,5,2,666.0,5,186.0,0,111.0,Low
4,2,1,2341.0,20,336.0,1,206.0,High
2,5,2,860.0,0,379.0,0,56.0,Low
1,2,2,1446.0,25,259.0,0,211.0,Medium
4,2,2,1623.0,5,541.0,1,261.0,High
6,4,1,1629.0,15,53.0,0,300.0,Medium
3,2,1,2663.0,10,598.0,1,363.0,High
6,4,2,3122.0,15,253.0,0,190.0,Medium
4,4,2,2872.0,10,358.0,0,218.0,Low
5,2,2,874.0,30,113.0,0,243.0,Low
8,1,2,832.0,15,545.0,1,82.0,Low
7,2,1,842.0,10,491.0,1,284.0,Medium
5,3,2,1202.0,30,379.0,1,129.0,Low
7,2,1,867.0,0,175.0,0,126.0,Low
6,2,1,3766.0,5,87.0,1,363.0,Medium
8,1,1,2592.0,20,395.0,1,43.0,Low
4,1,1,4212.0,30,537.0,0,294.0,Medium
2,2,1,2764.0,5,226.0,1,252.0,Low
6,5,1,1470.0,25,77.0,0,402.0,Low
3,1,1,4414.0,25,327.0,0,268.0,Medium
2,2,1,1710.0,25,289.0,0,256.0,Low
7,5,2,2909.0,0,205.0,0,85.0,Low
8,4,1,584.0,15,115.0,0,489.0,Medium
7,3,2,766.0,30,270.0,1,251.0,Low
4,3,1,798.0,5,24.0,0,193.0,Medium
4,1,2,2523.0,30,206.0,0,353.0,Medium
1,4,2,1985.0,0,150.0,0,178.0,Medium
6,5,2,8461.0,10,204.0,1,348.0,Low
4,2,1,1363.0,15,60.0,1,72.0,High
2,4,2,1063.0,25,77.0,1,483.0,Medium
1,2,2,393.0,5,413.0,1,48.0,Low
8,4,1,3301.0,30,443.0,0,407.0,Low
6,1,1,1159.0,30,71.0,1,344.0,High
4,2,1,2283.0,0,310.0,1,250.0,High
6,3,1,2263.0,15,251.0,0,29.0,Low
7,1,1,1379.0,10,136.0,1,458.0,High
5,2,1,2971.0,15,42.0,0,489.0,Low
1,1,2,2197.0,0,528.0,1,57.0,High
3,2,1,486.0,25,238.0,0,414.0,High
4,1,1,2307.0,15,229.0,1,436.0,Medium
7,4,2,1941.0,25,436.0,1,352.0,Medium
5,1,2,2081.0,25,546.0,1,396.0,High
4,5,2,1763.0,30,175.0,0,329.0,Low
2,5,1,2062.0,20,90.0,1,352.0,Low
1,3,1,1385.0,5,59.0,0,264.0,Low
8,5,1,1280.0,0,549.0,0,236.0,Low
1,5,1,352.0,0,545.0,1,180.0,Low
3,1,2,1500.0,25,349.0,0,386.0,High
3,3,1,2779.0,5,193.0,1,290.0,Medium
5,5,1,4747.0,30,25.0,0,159.0,Low
2,1,1,572.0,15,464.0,0,316.0,Medium
3,5,1,1665.0,5,421.0,1,478.0,Low
2,2,1,713.0,5,415.0,1,388.0,Low
8,5,2,2219.0,0,389.0,0,166.0,Low
2,5,1,4460.0,20,565.0,0,351.0,Low
2,2,1,3558.0,20,482.0,1,148.0,Low
3,2,2,5673.0,40,211.0,0,468.0,High
7,3,1,1298.0,20,57.0,1,127.0,Low
5,1,1,3057.0,20,577.0,1,156.0,High
2,3,2,2319.0,30,450.0,0,280.0,High
1,1,1,2189.0,30,435.0,0,282.0,High
7,3,1,1071.0,20,454.0,0,402.0,Low
8,2,2,2027.0,25,257.0,0,202.0,Medium
8,2,1,1946.0,40,213.0,0,385.0,High
8,4,1,3886.0,0,540.0,1,92.0,Low
4,3,1,2584.0,10,439.0,1,213.0,High
8,5,1,5336.0,0,432.0,1,339.0,Low
7,5,2,1376.0,20,411.0,1,379.0,Low
5,1,2,315.0,10,418.0,0,455.0,High
4,3,2,250.0,10,202.0,1,407.0,High
1,2,2,2669.0,25,198.0,0,382.0,Medium
4,5,1,3099.0,0,285.0,0,316.0,Low
2,3,1,2193.0,20,328.0,0,111.0,High
3,4,2,1285.0,10,177.0,1,258.0,High
4,5,1,2377.0,10,153.0,1,428.0,Low
4,2,2,807.0,5,132.0,1,443.0,High
7,4,1,423.0,30,89.0,0,300.0,Medium
5,4,1,2651.0,30,375.0,0,71.0,Medium
6,2,2,1117.0,20,372.0,1,40.0,Medium
2,4,2,2353.0,0,487.0,1,278.0,Low
1,1,1,443.0,0,170.0,0,104.0,High
5,2,2,2343.0,10,306.0,1,66.0,Low
4,3,2,1051.0,25,288.0,1,491.0,High
2,5,1,721.0,0,324.0,0,42.0,Low
2,1,1,1460.0,30,479.0,0,131.0,Medium
8,1,1,1818.0,30,420.0,1,118.0,Medium
5,2,1,2936.0,0,211.0,0,422.0,Low
8,1,2,368.0,40,232.0,0,41.0,Medium
2,1,2,453.0,30,223.0,0,226.0,Medium
3,1,1,1629.0,0,437.0,0,161.0,Medium
5,5,1,1061.0,15,458.0,0,96.0,Low
4,5,2,1870.0,25,258.0,0,470.0,Low
3,5,2,1107.0,15,564.0,0,446.0,Low
8,4,1,999.0,10,549.0,0,330.0,Medium
2,2,1,1429.0,25,74.0,0,475.0,Low
8,4,1,501.0,0,481.0,1,236.0,Low
4,5,2,913.0,40,223.0,0,445.0,Low
3,4,2,3111.0,5,319.0,1,163.0,Medium
2,2,2,828.0,0,215.0,1,343.0,Low
6,3,1,1198.0,10,441.0,1,482.0,Medium
8,5,1,1233.0,40,148.0,0,446.0,Low
8,2,1,1191.0,30,318.0,0,95.0,Medium
2,3,1,3037.0,20,59.0,0,31.0,High
2,3,2,2901.0,40,567.0,0,93.0,High
3,5,2,3469.0,15,487.0,0,141.0,Low
4,3,2,2113.0,10,258.0,0,412.0,Medium
6,4,2,1546.0,15,201.0,1,472.0,Medium
8,4,2,3528.0,10,214.0,1,170.0,Low
1,4,1,7714.0,40,515.0,0,150.0,High
7,1,2,885.0,5,328.0,1,474.0,High
4,3,1,771.0,20,92.0,1,16.0,High
8,4,1,1879.0,10,452.0,0,486.0,Medium
2,3,1,836.0,15,109.0,0,22.0,High
4,2,1,3052.0,10,385.0,0,460.0,High
6,4,1,1218.0,5,407.0,0,251.0,Medium
4,3,1,1342.0,0,180.0,0,317.0,Medium
2,5,1,1517.0,20,59.0,1,326.0,Low
8,5,1,1518.0,15,65.0,0,255.0,Low
6,2,1,1400.0,40,57.0,1,131.0,High
5,3,1,3361.0,40,392.0,1,181.0,Medium
6,3,2,2351.0,15,31.0,1,21.0,Low
1,3,2,4580.0,30,338.0,1,443.0,Medium
4,3,2,2326.0,5,165.0,1,121.0,Medium
7,4,1,1227.0,0,526.0,1,191.0,Medium
5,2,2,639.0,40,62.0,1,489.0,Medium
1,3,2,689.0,40,261.0,0,434.0,Medium
1,5,1,3944.0,30,173.0,0,40.0,Low
1,5,1,2875.0,15,224.0,0,421.0,Low
2,1,1,3066.0,0,355.0,1,44.0,Low
1,4,2,2698.0,20,560.0,1,60.0,High
1,1,1,2013.0,15,564.0,1,437.0,High
4,5,1,1341.0,5,570.0,1,139.0,Low
4,5,1,2417.0,40,316.0,1,440.0,Low
7,1,1,2424.0,25,593.0,0,343.0,High
8,3,1,2737.0,30,545.0,1,266.0,High
5,4,1,1235.0,25,536.0,0,49.0,Medium
6,5,2,1735.0,10,464.0,0,473.0,Low
7,2,1,1200.0,25,290.0,1,135.0,Medium
6,2,2,3551.0,10,454.0,0,471.0,Medium
1,4,1,2678.0,0,196.0,1,258.0,Medium
6,3,1,3097.0,15,44.0,0,254.0,Low
8,1,1,601.0,5,418.0,0,408.0,Low
5,2,2,3555.0,10,518.0,0,362.0,Low
7,2,2,3522.0,40,436.0,1,475.0,High
7,4,1,983.0,5,436.0,1,414.0,High
7,4,2,1234.0,20,338.0,0,488.0,Medium
4,3,2,2179.0,25,132.0,0,492.0,Medium
3,5,1,857.0,20,426.0,1,322.0,Low
1,2,1,3174.0,10,247.0,1,92.0,Medium
7,2,1,675.0,30,511.0,1,59.0,High
5,5,1,764.0,15,536.0,0,187.0,Low
3,4,1,1134.0,25,438.0,1,256.0,High
8,2,2,1577.0,5,191.0,1,171.0,Medium
6,1,2,887.0,0,548.0,0,282.0,Medium
1,5,1,600.0,0,97.0,0,68.0,Low
7,3,1,795.0,15,77.0,0,344.0,Low
5,1,1,2105.0,40,567.0,0,370.0,High
7,4,1,1024.0,40,593.0,1,423.0,High
1,3,1,1009.0,40,68.0,0,274.0,Medium
4,4,1,2295.0,0,50.0,1,298.0,Low
8,4,1,2546.0,20,44.0,1,329.0,Medium
4,5,2,2744.0,15,356.0,0,186.0,Low
5,2,1,4665.0,40,396.0,1,468.0,Medium
5,1,1,3836.0,30,525.0,0,280.0,High
7,4,1,1551.0,15,242.0,0,202.0,Medium
8,4,1,3258.0,10,335.0,1,112.0,Low
7,5,1,709.0,15,566.0,1,93.0,Low
4,5,2,2445.0,0,108.0,1,425.0,Low
5,5,1,2557.0,5,305.0,0,54.0,Low
8,4,1,458.0,15,509.0,1,364.0,Medium
2,3,1,3872.0,10,105.0,0,77.0,High
8,2,1,597.0,25,472.0,1,307.0,High
1,5,1,2497.0,10,285.0,0,175.0,Low
3,2,2,4308.0,30,544.0,0,106.0,High
8,4,1,2759.0,5,458.0,0,242.0,Low
4,1,2,1215.0,5,440.0,0,146.0,Low
1,5,1,1202.0,15,141.0,1,207.0,Low
2,4,1,1804.0,40,141.0,1,28.0,Low
1,5,2,5217.0,40,345.0,1,31.0,Low
7,3,1,1858.0,40,94.0,0,290.0,Low
6,2,2,,10,303.0,0,161.0,Medium
2,3,2,2031.0,5,111.0,1,72.0,High
5,4,1,312.0,5,416.0,1,434.0,Medium
8,1,2,3254.0,30,477.0,1,225.0,Medium
5,2,1,1627.0,40,26.0,0,279.0,Medium
4,3,1,4303.0,20,516.0,0,293.0,High
3,2,1,1532.0,15,413.0,0,331.0,High
3,2,1,2663.0,10,470.0,1,454.0,High
7,1,1,1507.0,30,424.0,1,468.0,High
4,2,1,1712.0,15,25.0,0,410.0,High
5,2,2,3228.0,10,307.0,1,157.0,Low
8,3,2,446.0,10,465.0,1,350.0,High
3,1,1,3858.0,15,162.0,1,121.0,Medium
3,4,1,2412.0,15,126.0,1,496.0,High
1,3,2,2511.0,20,225.0,0,318.0,Low
2,1,2,452.0,0,481.0,0,334.0,Medium
7,5,1,2651.0,15,394.0,0,108.0,Low
7,5,1,1545.0,15,225.0,1,437.0,Low
8,4,1,2145.0,20,537.0,1,344.0,Medium
5,5,1,1332.0,20,129.0,0,12.0,Low
6,4,2,193.0,0,585.0,0,371.0,Medium
1,1,2,3004.0,40,193.0,1,228.0,High
2,4,1,4079.0,20,519.0,0,477.0,Low
1,3,2,2021.0,25,160.0,1,439.0,Medium
3,2,1,4773.0,10,328.0,1,339.0,High
7,5,2,3489.0,0,508.0,1,345.0,Low
8,1,2,3298.0,5,311.0,0,107.0,Low
1,2,2,1633.0,15,341.0,0,428.0,Medium
2,1,1,2058.0,0,402.0,1,31.0,Medium
5,5,2,716.0,0,160.0,0,374.0,Low
3,2,2,2745.0,40,445.0,0,53.0,High
3,2,2,956.0,20,77.0,0,101.0,High
3,2,1,3536.0,5,587.0,1,242.0,High
8,5,1,2648.0,5,74.0,1,252.0,Low
7,4,1,950.0,20,283.0,1,355.0,Medium
4,2,2,596.0,10,379.0,1,403.0,High
5,5,1,498.0,30,225.0,0,402.0,Low
5,3,2,1015.0,30,568.0,1,354.0,Medium
2,5,2,2633.0,25,362.0,1,115.0,Low
5,2,1,1415.0,20,553.0,1,226.0,Medium
2,2,2,788.0,5,148.0,0,292.0,Low
5,2,1,1717.0,15,207.0,0,,Medium
8,4,1,1370.0,30,413.0,1,295.0,Medium
2,3,1,5463.0,10,331.0,0,112.0,High
2,3,2,1863.0,15,416.0,1,352.0,High
7,5,2,2817.0,25,88.0,0,246.0,Low
1,1,1,2178.0,10,187.0,0,100.0,High
5,2,1,1611.0,40,583.0,1,74.0,Medium
1,3,1,1417.0,5,41.0,1,278.0,Medium
6,1,2,1392.0,10,23.0,0,381.0,Medium
5,4,2,2122.0,10,179.0,1,209.0,Medium
5,1,1,1108.0,5,136.0,1,218.0,High
3,3,1,1589.0,10,278.0,1,100.0,Medium
2,5,1,863.0,0,427.0,1,401.0,Low
4,3,2,1975.0,20,416.0,1,218.0,High
7,5,2,5198.0,0,516.0,0,451.0,Low
2,2,1,515.0,0,194.0,0,397.0,Low
6,3,2,1197.0,5,424.0,0,436.0,Low
8,5,1,4555.0,0,442.0,0,191.0,Low
5,4,1,1433.0,5,342.0,1,175.0,Medium
7,5,1,1453.0,25,414.0,0,41.0,Low
3,1,1,3434.0,5,322.0,1,50.0,Medium
5,5,1,1864.0,15,534.0,1,315.0,Low
2,4,1,2247.0,5,429.0,1,224.0,Low
8,4,1,1574.0,5,561.0,0,100.0,Low
4,2,1,1328.0,15,502.0,0,193.0,High
1,4,2,916.0,15,572.0,0,151.0,Medium
2,3,2,4966.0,10,237.0,1,388.0,High
2,4,2,1582.0,30,253.0,1,98.0,Low
4,3,2,713.0,10,59.0,1,127.0,Medium
5,3,1,522.0,20,32.0,1,144.0,Low
8,2,2,1962.0,10,174.0,0,240.0,Low
2,4,1,3533.0,40,233.0,1,289.0,Medium
6,5,1,1624.0,20,586.0,1,212.0,Low
7,1,2,1179.0,5,109.0,0,498.0,High
7,5,1,1508.0,25,467.0,1,209.0,Low
5,3,1,1201.0,0,329.0,1,271.0,Low
1,5,1,814.0,10,551.0,0,109.0,Low
7,1,2,315.0,30,507.0,1,461.0,High
5,3,2,1003.0,15,93.0,0,359.0,Low
1,1,2,3358.0,5,56.0,0,119.0,High
1,2,1,1448.0,25,291.0,0,252.0,Medium
5,3,1,239.0,0,231.0,0,131.0,Low
3,3,2,3009.0,40,393.0,1,93.0,Medium
8,5,2,2268.0,15,193.0,1,55.0,Low
3,5,2,3750.0,15,282.0,0,467.0,Low
3,1,2,2552.0,15,340.0,0,51.0,Medium
2,3,2,3767.0,5,320.0,1,443.0,High
3,4,1,2029.0,10,386.0,0,437.0,High
1,1,1,1484.0,30,74.0,0,234.0,High
3,4,2,1925.0,40,140.0,1,215.0,High
4,3,1,401.0,25,490.0,0,227.0,Medium
7,2,2,1959.0,25,344.0,0,406.0,Medium
6,5,1,382.0,15,142.0,1,39.0,Low
7,2,1,1826.0,25,589.0,1,373.0,High
1,5,2,2815.0,30,207.0,1,54.0,Low
5,4,1,3510.0,40,518.0,1,109.0,High
3,3,1,1283.0,40,413.0,1,210.0,High
1,3,2,2743.0,25,194.0,0,303.0,Low
3,1,1,3597.0,15,257.0,0,276.0,Medium
7,1,2,2318.0,40,471.0,0,188.0,High
8,1,1,640.0,30,237.0,1,112.0,Medium
8,3,1,1006.0,30,513.0,1,48.0,High
7,2,1,1261.0,30,457.0,0,467.0,Medium
3,3,1,881.0,25,490.0,1,211.0,Medium
2,2,1,1362.0,30,74.0,1,162.0,Medium
4,2,2,988.0,10,453.0,1,27.0,High
6,2,1,2771.0,0,183.0,1,246.0,Medium
6,3,1,2784.0,25,221.0,0,488.0,Medium
5,1,2,1208.0,0,489.0,0,44.0,High
8,2,2,807.0,5,134.0,0,378.0,Medium
7,3,1,1427.0,40,138.0,1,438.0,Medium
2,2,2,2435.0,40,493.0,0,437.0,Low
3,2,1,561.0,0,75.0,0,300.0,High
2,3,1,453.0,10,346.0,0,141.0,High
8,3,2,901.0,5,91.0,0,22.0,High
3,5,2,1697.0,10,142.0,1,262.0,Low
5,1,1,378.0,30,347.0,1,294.0,High
8,2,1,2491.0,30,70.0,1,407.0,High
6,2,1,1487.0,40,510.0,0,79.0,High
4,2,1,2430.0,20,280.0,1,243.0,High
1,5,2,1674.0,30,110.0,1,393.0,Low
3,4,1,2366.0,30,428.0,0,363.0,High
6,3,1,2417.0,5,455.0,1,84.0,Low
7,5,1,1714.0,20,472.0,0,212.0,Low
5,1,1,2208.0,30,567.0,0,48.0,High
4,2,2,1806.0,10,300.0,0,340.0,High
8,1,1,718.0,40,528.0,1,329.0,Medium
6,5,1,1243.0,0,251.0,1,23.0,Low
5,1,1,2112.0,10,205.0,0,368.0,High
4,5,2,2304.0,0,461.0,0,252.0,Low
2,3,2,1552.0,0,470.0,0,26.0,Medium
2,5,1,914.0,15,315.0,0,313.0,Low
8,2,1,1402.0,0,502.0,0,34.0,Medium
5,3,1,568.0,15,288.0,1,451.0,Medium
3,3,1,1442.0,15,547.0,0,301.0,Medium
5,1,1,404.0,5,191.0,1,202.0,High
6,5,1,3528.0,0,77.0,0,351.0,Low
1,2,2,988.0,25,405.0,0,18.0,Low
1,4,2,1796.0,15,526.0,0,294.0,High
4,1,2,1271.0,5,369.0,1,286.0,Medium
4,4,2,1564.0,5,329.0,1,433.0,Low
2,5,2,1602.0,20,259.0,0,214.0,Low
8,2,1,1378.0,5,97.0,0,273.0,Medium
7,1,1,547.0,15,395.0,1,387.0,High
3,2,2,2667.0,15,351.0,0,351.0,High
7,1,1,927.0,10,365.0,0,496.0,High
5,4,2,3337.0,30,506.0,1,101.0,Medium
6,2,1,552.0,25,273.0,1,429.0,High
8,4,1,781.0,30,416.0,1,46.0,Medium
3,5,2,701.0,25,142.0,0,262.0,Low
6,2,1,341.0,20,203.0,0,230.0,Medium
5,3,1,1057.0,40,139.0,0,34.0,Low
6,4,2,1343.0,25,555.0,0,66.0,Medium
3,3,1,1923.0,10,491.0,0,95.0,Low
6,2,1,2946.0,10,462.0,1,429.0,Medium
8,2,2,598.0,40,227.0,1,127.0,High
8,2,2,1201.0,10,464.0,1,40.0,Medium
5,4,2,2234.0,30,67.0,0,337.0,Medium
8,3,1,1766.0,10,414.0,0,361.0,High
4,2,2,1216.0,0,122.0,1,329.0,High
1,5,1,1063.0,30,167.0,1,145.0,Low
8,5,1,1536.0,15,164.0,0,449.0,Low
2,5,2,3775.0,10,43.0,0,97.0,Low
2,1,1,2900.0,20,272.0,0,457.0,Medium
2,2,1,1941.0,30,390.0,1,325.0,Medium
1,3,2,2263.0,40,196.0,0,356.0,Medium
2,1,1,2169.0,15,97.0,1,258.0,Medium
4,2,2,1395.0,5,140.0,0,326.0,High
7,4,2,1033.0,30,71.0,0,239.0,Medium
4,4,1,3886.0,5,102.0,0,168.0,Low
6,5,2,2197.0,20,323.0,1,43.0,Low
4,4,2,1604.0,30,588.0,1,390.0,Low
6,1,1,1914.0,0,327.0,0,255.0,Medium
2,3,1,2387.0,10,164.0,0,385.0,High
4,3,1,1435.0,5,326.0,1,95.0,Medium
5,5,1,2487.0,40,129.0,0,88.0,Low
7,4,1,1651.0,10,591.0,1,160.0,Medium
1,4,2,3529.0,30,207.0,0,299.0,High
7,3,2,2938.0,0,346.0,1,477.0,Low
8,1,2,1130.0,5,256.0,0,386.0,Low
4,4,1,1284.0,5,369.0,0,198.0,Low
1,5,1,1113.0,5,295.0,1,468.0,Low
4,3,2,5783.0,20,290.0,0,270.0,Medium
3,5,2,1872.0,30,508.0,1,313.0,Low
5,4,2,2893.0,20,506.0,0,408.0,High
5,4,1,4581.0,5,88.0,1,310.0,Medium
7,1,2,3117.0,25,331.0,1,334.0,High
3,3,2,843.0,5,89.0,1,280.0,Medium
6,5,1,1782.0,15,35.0,1,72.0,Low
3,4,2,3162.0,25,573.0,1,308.0,High
4,4,2,1321.0,15,72.0,0,110.0,Low
6,4,1,2775.0,30,569.0,1,157.0,High
2,5,2,2299.0,30,404.0,1,488.0,Low
2,4,1,1120.0,15,174.0,1,317.0,Low
7,4,2,4999.0,10,462.0,0,110.0,Low
6,4,1,2759.0,40,179.0,1,449.0,High
2,1,1,4994.0,10,385.0,1,77.0,Medium
4,4,1,1243.0,20,178.0,0,325.0,Low
4,1,2,601.0,10,580.0,1,489.0,Medium
4,1,2,2760.0,40,502.0,0,497.0,Medium
6,3,2,887.0,20,170.0,0,270.0,Low
5,2,2,2553.0,0,562.0,0,159.0,Low
4,2,1,257.0,0,271.0,1,38.0,High
4,1,1,2399.0,20,305.0,0,109.0,Low
2,4,2,1473.0,20,288.0,0,80.0,Low
6,4,2,3232.0,40,100.0,1,394.0,Medium
1,3,1,811.0,10,171.0,1,26.0,Medium
2,2,2,1097.0,20,570.0,0,440.0,Low
1,5,2,1707.0,20,306.0,0,367.0,Low
2,3,1,2008.0,40,183.0,0,470.0,High
8,3,1,3800.0,15,131.0,0,313.0,High
5,1,2,3666.0,10,230.0,1,213.0,High
5,5,1,636.0,25,311.0,0,483.0,Low
1,1,1,2094.0,30,467.0,1,75.0,High
7,1,1,5660.0,20,352.0,1,190.0,High
1,4,1,2713.0,20,550.0,0,275.0,High
5,5,1,983.0,5,458.0,0,348.0,Low
5,1,1,1037.0,0,271.0,0,65.0,High
4,2,1,4814.0,20,593.0,1,88.0,High
8,3,1,3975.0,20,363.0,0,44.0,High
3,4,1,1827.0,10,155.0,1,412.0,High
5,4,2,905.0,10,324.0,1,489.0,High
6,3,1,587.0,15,148.0,0,112.0,Low
7,2,2,3009.0,25,376.0,0,261.0,Medium
6,1,1,1286.0,10,99.0,0,333.0,Medium
5,5,2,1095.0,0,48.0,1,345.0,Low
3,3,2,1357.0,0,325.0,0,465.0,Low
5,3,2,794.0,25,260.0,0,254.0,Low
5,1,1,3336.0,25,421.0,0,203.0,High
6,3,2,251.0,40,461.0,0,378.0,Medium
7,1,1,974.0,5,118.0,1,345.0,High
7,3,2,1402.0,30,339.0,1,34.0,Low
4,2,1,453.0,0,116.0,1,479.0,High
3,3,1,836.0,20,291.0,0,452.0,Medium
8,4,2,1171.0,20,447.0,0,474.0,Low
2,5,2,2384.0,5,308.0,0,167.0,Low
7,4,1,1807.0,0,260.0,1,465.0,Medium
7,4,2,4819.0,30,586.0,0,298.0,Medium
3,1,1,1795.0,10,193.0,0,488.0,Medium
2,4,1,1776.0,30,254.0,0,357.0,Medium
4,5,1,2804.0,10,372.0,1,28.0,Low
3,5,1,682.0,25,255.0,0,95.0,Low
8,5,2,5761.0,20,394.0,0,470.0,Low
2,5,1,2012.0,30,239.0,0,449.0,Low
1,4,1,1641.0,30,318.0,1,154.0,High
3,4,2,1891.0,0,134.0,1,374.0,High
6,2,1,673.0,30,152.0,0,344.0,High
4,1,2,3436.0,20,181.0,0,125.0,Low
4,5,1,660.0,40,461.0,0,140.0,Low
1,1,2,1880.0,20,405.0,0,355.0,High
3,4,1,1730.0,15,169.0,1,70.0,High
2,4,1,4014.0,40,599.0,0,439.0,Medium
6,5,1,2867.0,25,173.0,0,39.0,Low
7,4,2,2220.0,10,428.0,1,466.0,High
7,3,2,2155.0,40,357.0,1,133.0,Medium
5,2,1,2505.0,30,497.0,0,304.0,Medium
7,4,1,3066.0,40,323.0,0,172.0,Medium
6,5,2,2309.0,15,365.0,1,39.0,Low
3,4,1,2623.0,40,493.0,1,70.0,High
4,2,1,870.0,15,354.0,1,294.0,High
8,4,2,240.0,5,366.0,0,24.0,Low
7,4,2,693.0,10,193.0,0,289.0,Medium
7,5,2,1552.0,40,220.0,0,298.0,Low
4,4,1,1612.0,30,355.0,1,250.0,Low
4,2,2,1081.0,10,309.0,0,400.0,High
6,3,1,882.0,20,589.0,1,65.0,Low
8,4,1,2360.0,40,510.0,1,232.0,Medium
6,4,2,1404.0,20,526.0,0,256.0,Medium
6,1,2,1122.0,0,568.0,0,408.0,Medium
1,5,2,836.0,40,126.0,0,58.0,Low
4,5,1,695.0,40,338.0,1,365.0,Low
6,2,2,870.0,20,456.0,1,220.0,Medium
3,3,2,4422.0,0,33.0,1,393.0,Medium
7,1,2,673.0,15,388.0,1,422.0,High
8,4,1,2262.0,20,141.0,0,185.0,Low
8,5,2,3175.0,20,463.0,1,142.0,Low
4,1,1,3481.0,20,319.0,1,190.0,Medium
8,3,1,2182.0,30,116.0,1,48.0,High
7,4,1,1634.0,40,137.0,0,284.0,Medium
7,4,1,1373.0,15,384.0,1,306.0,High
6,4,1,1941.0,10,42.0,1,296.0,Medium
5,5,1,1221.0,40,344.0,1,217.0,Low
4,1,1,3867.0,0,346.0,0,212.0,Low
1,1,2,1763.0,40,421.0,0,240.0,High
7,4,1,1630.0,0,158.0,0,150.0,Medium
8,2,2,1497.0,30,554.0,1,292.0,High
7,2,1,1245.0,40,312.0,0,177.0,Medium
2,5,1,4601.0,40,263.0,0,85.0,Low
7,2,2,414.0,20,80.0,1,224.0,Medium
6,2,1,2201.0,0,463.0,0,469.0,Medium
3,5,2,2523.0,40,350.0,1,19.0,Low
4,2,1,2044.0,15,47.0,1,330.0,High
6,3,2,2135.0,15,261.0,0,413.0,Low
8,5,2,1359.0,25,225.0,1,210.0,Low
7,5,1,2328.0,40,181.0,0,478.0,Low
4,1,1,1602.0,40,562.0,1,385.0,Medium
7,2,1,2802.0,10,452.0,1,347.0,Medium
2,2,1,1624.0,40,294.0,1,422.0,Medium
1,2,2,2863.0,10,89.0,0,388.0,Low
4,3,1,2029.0,25,381.0,0,38.0,Medium
3,3,2,1002.0,0,341.0,1,398.0,Medium
3,4,2,2200.0,40,333.0,0,273.0,High
2,3,1,2705.0,10,172.0,1,156.0,High
5,5,1,1759.0,20,459.0,0,157.0,Low
4,5,1,1298.0,5,487.0,0,11.0,Low
5,4,2,3846.0,5,69.0,1,100.0,Medium
8,4,2,3118.0,30,172.0,1,385.0,Medium
6,2,1,614.0,5,64.0,0,189.0,Medium
7,5,1,4371.0,20,315.0,1,367.0,Low
1,5,1,1139.0,10,200.0,0,44.0,Low
2,3,1,2847.0,25,157.0,0,374.0,High
2,1,1,2384.0,25,486.0,1,365.0,High
6,2,2,926.0,5,81.0,0,221.0,Medium
3,4,1,2230.0,40,231.0,0,369.0,High
7,3,1,,20,365.0,0,499.0,Low
8,1,2,2368.0,10,385.0,1,257.0,Low
8,3,1,753.0,10,447.0,0,243.0,High
2,3,1,4083.0,20,337.0,0,287.0,High
2,2,1,1733.0,30,517.0,0,385.0,Low
2,2,2,467.0,10,348.0,0,386.0,Low
5,1,1,2752.0,40,107.0,1,32.0,High
4,2,2,880.0,0,79.0,0,69.0,High
6,5,1,711.0,5,244.0,0,396.0,Low
5,5,2,2002.0,5,436.0,0,362.0,Low
3,4,1,3077.0,15,488.0,0,403.0,High
2,5,1,1058.0,10,181.0,0,44.0,Low
7,4,2,989.0,40,293.0,1,30.0,Medium
8,5,1,872.0,20,448.0,0,367.0,Low
4,1,1,887.0,10,213.0,0,425.0,Medium
3,1,1,1943.0,25,139.0,0,329.0,Medium
5,1,1,2275.0,40,586.0,0,80.0,High
6,2,2,801.0,25,38.0,1,86.0,Medium
2,3,1,1876.0,5,303.0,1,309.0,High
3,3,2,1390.0,25,560.0,1,499.0,High
5,1,1,562.0,20,265.0,0,325.0,High
7,1,1,1368.0,10,152.0,1,147.0,High
3,4,1,2263.0,15,289.0,0,20.0,High
2,1,2,3182.0,15,357.0,0,352.0,Low
6,2,2,4280.0,30,369.0,1,490.0,Medium
3,4,1,902.0,25,287.0,1,332.0,High
6,5,1,1285.0,25,41.0,1,83.0,Low
8,2,2,1270.0,30,327.0,1,115.0,High
2,1,1,1184.0,40,291.0,0,66.0,Medium
6,4,1,565.0,40,53.0,0,325.0,Medium
6,2,1,3397.0,25,165.0,1,366.0,High
7,1,1,1956.0,20,344.0,1,172.0,High
5,4,2,2498.0,15,131.0,1,417.0,High
5,1,1,1232.0,10,526.0,1,75.0,High
5,3,2,3204.0,5,206.0,1,31.0,Low
1,1,1,2178.0,25,220.0,1,273.0,High
6,3,1,2941.0,20,290.0,1,394.0,Medium
2,5,1,5957.0,5,370.0,0,76.0,Low
1,3,1,3687.0,5,550.0,0,115.0,Low
6,5,1,1554.0,30,382.0,1,133.0,Low
2,4,1,1867.0,0,296.0,1,121.0,Low
3,2,1,617.0,5,315.0,1,201.0,High
4,4,1,1660.0,5,236.0,1,180.0,Low
8,4,1,1076.0,40,513.0,1,333.0,High
1,3,2,677.0,10,487.0,1,158.0,Low
6,3,1,1895.0,0,327.0,0,325.0,Low
4,4,1,1638.0,0,231.0,1,57.0,Low
2,5,2,2319.0,0,102.0,0,461.0,Low
4,4,1,1303.0,25,485.0,0,363.0,Low
3,4,2,528.0,10,537.0,1,289.0,High
7,3,1,1439.0,25,276.0,1,405.0,Low
3,1,1,586.0,30,480.0,0,337.0,High
7,3,2,1177.0,10,598.0,0,34.0,Low
4,4,2,3461.0,0,194.0,0,293.0,Low
5,2,1,1284.0,40,425.0,0,115.0,Low
7,1,1,1950.0,40,535.0,0,121.0,High
8,3,1,2673.0,5,159.0,0,387.0,High
8,3,2,929.0,5,104.0,1,325.0,High
3,4,1,3100.0,25,349.0,0,337.0,High
6,4,1,,10,331.0,0,113.0,Medium
4,2,2,1877.0,10,24.0,1,199.0,High
1,5,1,2429.0,20,348.0,1,359.0,Low
4,1,1,354.0,40,290.0,1,287.0,High
4,2,1,1386.0,5,134.0,1,460.0,High
4,5,1,1281.0,25,436.0,0,138.0,Low
3,4,2,767.0,20,561.0,0,100.0,High
3,3,1,3321.0,0,40.0,0,334.0,Medium
7,5,1,1197.0,25,209.0,0,13.0,Low
2,5,1,1002.0,20,347.0,0,212.0,Low
4,4,2,1896.0,40,288.0,0,436.0,Low
2,4,1,599.0,25,123.0,1,342.0,Medium
2,5,1,1479.0,40,35.0,0,10.0,Low
8,1,1,239.0,15,532.0,0,28.0,Low
3,4,1,1166.0,10,199.0,1,230.0,High
1,1,1,1328.0,0,155.0,0,315.0,High
8,4,2,1076.0,30,385.0,1,476.0,High
7,2,2,937.0,10,156.0,1,79.0,Medium
6,2,2,2349.0,20,595.0,1,59.0,Medium
2,4,1,855.0,40,359.0,1,26.0,Low
4,1,1,1938.0,0,296.0,1,206.0,Low
2,3,1,3185.0,25,325.0,0,245.0,High
5,3,1,3692.0,15,187.0,1,402.0,Low
5,1,1,3246.0,30,370.0,1,499.0,High
4,1,1,740.0,25,468.0,0,484.0,Medium
6,2,1,4515.0,30,298.0,0,229.0,Medium
1,4,1,1007.0,20,569.0,1,43.0,High
6,4,2,1743.0,15,69.0,1,302.0,Medium
2,2,1,1257.0,5,447.0,1,490.0,Low
3,1,2,1372.0,40,172.0,1,238.0,High
1,5,1,2149.0,0,450.0,0,188.0,Low
1,2,2,3729.0,10,352.0,1,124.0,Low
4,3,1,4310.0,30,100.0,0,340.0,High
7,4,1,2089.0,15,563.0,0,125.0,Medium
2,5,2,1336.0,10,111.0,0,66.0,Low
1,4,1,842.0,0,541.0,0,201.0,Medium
6,2,1,1822.0,10,302.0,1,146.0,Medium
1,5,1,3350.0,0,364.0,1,216.0,Low
3,4,1,4032.0,0,108.0,0,376.0,High
7,4,1,1301.0,10,360.0,0,446.0,Medium
6,5,1,1780.0,30,508.0,0,382.0,Low
5,3,2,1487.0,40,540.0,1,326.0,Medium
4,2,1,868.0,10,415.0,1,106.0,High
3,1,2,1897.0,0,530.0,1,281.0,Medium
5,2,1,1938.0,15,586.0,1,140.0,Medium
1,2,2,2294.0,5,289.0,1,32.0,Low
6,4,1,1302.0,15,345.0,0,31.0,Medium
4,3,1,413.0,25,523.0,0,198.0,Medium
5,4,2,814.0,25,239.0,1,353.0,High
8,1,2,2653.0,5,594.0,0,96.0,Low
2,2,1,1547.0,5,275.0,0,137.0,Low
4,1,2,3545.0,5,21.0,0,130.0,Low
7,2,1,1652.0,30,24.0,0,146.0,Medium
3,1,1,1896.0,20,220.0,1,320.0,High
4,1,2,2073.0,10,588.0,1,422.0,Medium
8,2,1,2681.0,5,151.0,0,158.0,Medium
8,1,2,4530.0,25,68.0,0,454.0,Medium
5,4,1,442.0,15,495.0,1,132.0,Medium
1,1,1,4422.0,10,62.0,1,216.0,High
3,2,1,1499.0,30,99.0,1,10.0,High
1,2,1,1850.0,5,211.0,1,271.0,Medium
4,4,1,733.0,20,524.0,0,45.0,Low
4,2,1,2105.0,20,381.0,0,378.0,High
6,5,1,1516.0,15,275.0,0,467.0,Low
3,1,1,3331.0,20,303.0,0,30.0,Medium
7,5,2,1129.0,25,334.0,1,77.0,Low
3,2,2,928.0,5,111.0,1,336.0,High
6,4,1,3246.0,20,50.0,0,400.0,Medium
8,1,2,1088.0,0,437.0,0,302.0,Low
1,4,1,1054.0,0,557.0,0,300.0,High
5,1,1,1294.0,5,533.0,1,266.0,High
4,1,2,435.0,10,308.0,1,487.0,Medium
6,5,2,677.0,0,133.0,0,140.0,Low
1,4,2,2228.0,0,343.0,0,244.0,Medium
7,4,1,1408.0,15,501.0,1,343.0,Medium
6,5,1,978.0,0,460.0,1,168.0,Low
8,5,1,1934.0,15,397.0,0,258.0,Low
1,2,1,750.0,15,513.0,0,181.0,Medium
2,3,1,1051.0,15,187.0,1,111.0,High
4,1,2,3031.0,10,542.0,1,454.0,Medium
2,1,1,1729.0,15,527.0,0,21.0,Medium
2,3,1,885.0,40,141.0,1,216.0,High
5,1,2,1772.0,25,380.0,1,187.0,High
3,3,2,1063.0,40,468.0,0,253.0,Medium
2,3,2,1993.0,40,58.0,0,64.0,High
6,1,1,1285.0,20,295.0,0,312.0,Medium
4,5,2,484.0,10,390.0,1,402.0,Low
6,4,1,605.0,5,537.0,0,467.0,Medium
3,2,1,1394.0,0,386.0,0,15.0,High
2,5,1,801.0,30,391.0,0,104.0,Low
5,1,1,1569.0,20,417.0,0,461.0,High
5,4,2,3037.0,0,468.0,0,221.0,Medium
7,2,2,4659.0,15,453.0,0,,Low
8,5,1,2284.0,30,356.0,0,61.0,Low
3,2,1,1643.0,15,333.0,1,10.0,High
1,4,1,2192.0,0,89.0,0,122.0,Medium
7,5,1,4461.0,40,154.0,0,59.0,Low
4,3,1,355.0,20,169.0,1,334.0,High
3,2,1,2428.0,40,469.0,0,21.0,High
5,3,2,2177.0,5,59.0,1,57.0,Low
5,2,2,5278.0,10,30.0,0,365.0,Low
2,3,2,1804.0,0,45.0,0,356.0,High
8,4,1,2544.0,5,69.0,0,218.0,Low
7,2,2,1690.0,0,556.0,0,446.0,Low
7,1,1,3747.0,20,179.0,0,90.0,High
8,5,1,830.0,40,248.0,1,215.0,Low
4,4,1,4537.0,15,359.0,0,478.0,Low
3,4,2,4995.0,10,564.0,1,105.0,Medium
3,3,1,1441.0,5,214.0,0,151.0,Medium
4,4,1,1460.0,15,118.0,0,390.0,Low
2,3,1,2203.0,40,117.0,0,81.0,High
4,1,1,1178.0,0,34.0,0,156.0,Low
5,4,2,1893.0,0,204.0,1,399.0,Medium
6,2,1,5815.0,20,97.0,1,234.0,Medium
7,1,1,996.0,25,324.0,0,366.0,High
5,5,2,4139.0,30,324.0,1,470.0,Low
7,3,1,1881.0,20,569.0,0,137.0,Low
3,3,1,860.0,40,142.0,1,21.0,Medium
2,4,2,2077.0,25,203.0,1,337.0,Low
2,4,1,1295.0,20,76.0,0,290.0,Low
6,1,1,905.0,30,111.0,1,39.0,High
5,2,1,2342.0,5,577.0,0,364.0,Medium
2,5,1,1204.0,40,532.0,0,75.0,Low
8,2,1,440.0,15,208.0,1,395.0,Medium
3,4,2,876.0,5,276.0,1,40.0,High
2,5,2,5044.0,40,190.0,0,329.0,Low
6,3,2,1545.0,20,350.0,1,463.0,Medium
8,3,2,2164.0,25,350.0,0,458.0,High
3,4,1,1918.0,30,180.0,0,328.0,High
2,3,1,1042.0,20,553.0,0,78.0,High
4,3,2,1228.0,20,164.0,0,308.0,Medium
6,4,1,3162.0,0,317.0,0,286.0,Medium
7,5,2,2530.0,0,278.0,1,189.0,Low
1,3,1,3235.0,40,407.0,0,488.0,Medium
4,4,1,1036.0,5,289.0,0,417.0,Low
5,2,2,1808.0,0,377.0,0,276.0,Low
6,1,2,781.0,25,404.0,0,170.0,Medium
1,5,1,2098.0,10,553.0,0,419.0,Low
1,1,2,4982.0,10,383.0,1,82.0,High
2,1,1,2858.0,25,471.0,1,80.0,Medium
6,1,1,2114.0,40,505.0,1,326.0,High
3,2,2,2749.0,20,129.0,0,338.0,High
3,2,1,2323.0,0,212.0,1,224.0,High
8,2,2,1442.0,25,285.0,0,276.0,Medium
6,4,2,1422.0,40,383.0,0,146.0,Medium
5,5,1,992.0,40,461.0,1,79.0,Low
7,2,2,896.0,25,86.0,1,321.0,Medium
3,5,2,4647.0,30,193.0,0,131.0,Low
7,3,1,4361.0,15,456.0,0,64.0,Low
2,3,1,1178.0,40,161.0,1,294.0,High
8,1,1,2392.0,30,446.0,0,270.0,Medium
8,2,2,1274.0,10,418.0,1,208.0,Medium
7,4,2,3615.0,10,175.0,0,195.0,Low
2,5,1,959.0,15,289.0,1,100.0,Low
3,5,1,630.0,40,267.0,1,496.0,Medium
4,1,1,1900.0,5,528.0,1,80.0,Low
2,4,2,799.0,0,490.0,1,70.0,Low
4,2,1,982.0,10,435.0,0,185.0,High
6,1,2,1202.0,20,93.0,0,498.0,High
8,4,1,1120.0,30,318.0,1,383.0,Medium
7,2,1,2411.0,25,509.0,0,332.0,Medium
4,1,2,3614.0,15,343.0,0,483.0,Low
8,5,1,2202.0,40,263.0,0,67.0,Low
5,5,2,4242.0,30,585.0,1,452.0,Low
4,3,1,2455.0,30,289.0,1,36.0,Medium
1,4,1,2601.0,20,182.0,1,176.0,High
2,3,1,1861.0,25,437.0,0,441.0,High
1,4,2,2099.0,40,200.0,1,30.0,High
3,1,1,1100.0,15,333.0,1,395.0,High
4,1,1,1818.0,10,443.0,0,17.0,Low
6,1,2,1932.0,30,489.0,0,287.0,Medium
2,2,1,2524.0,20,494.0,1,113.0,Medium
1,3,2,948.0,5,393.0,1,58.0,Low
8,2,2,2070.0,15,368.0,1,213.0,Medium
3,3,2,2432.0,15,363.0,1,226.0,Medium
2,4,2,508.0,20,480.0,0,480.0,Low
7,5,2,631.0,0,571.0,0,15.0,Low
1,5,1,1550.0,15,515.0,1,283.0,Low
1,4,1,1224.0,25,236.0,1,387.0,High
6,2,1,4408.0,40,22.0,0,21.0,Medium
1,1,1,1945.0,0,380.0,1,474.0,High
4,1,2,3314.0,20,77.0,1,59.0,Low
7,2,1,2188.0,0,136.0,0,352.0,Medium
8,2,1,1846.0,0,528.0,0,490.0,Medium
4,3,1,2588.0,10,522.0,1,375.0,Medium
3,3,1,1817.0,0,354.0,0,249.0,Low
7,1,1,2838.0,0,411.0,0,332.0,High
4,4,2,882.0,10,317.0,0,121.0,Low
7,5,1,982.0,25,54.0,0,334.0,Low
5,2,1,2069.0,5,354.0,0,41.0,Low
1,2,1,2217.0,30,529.0,0,404.0,Medium
5,1,1,4354.0,25,88.0,0,119.0,High
6,5,1,1509.0,25,249.0,0,280.0,Low
4,1,1,1421.0,20,549.0,1,272.0,Medium
7,2,2,854.0,30,554.0,0,271.0,Medium
6,2,2,404.0,20,201.0,0,296.0,Medium
5,1,1,1613.0,15,31.0,1,66.0,High
3,3,2,1456.0,40,141.0,0,323.0,Medium
5,4,1,3357.0,15,375.0,0,154.0,Medium
5,1,1,3328.0,30,153.0,0,284.0,High
3,2,1,,15,396.0,0,293.0,High
3,5,1,3070.0,40,66.0,0,438.0,Low
2,5,1,1167.0,10,59.0,1,62.0,Low
6,3,1,2509.0,15,387.0,0,152.0,Low
8,2,1,1777.0,25,461.0,1,51.0,Medium
1,1,2,2457.0,25,421.0,0,489.0,High
4,2,1,2762.0,0,588.0,1,13.0,High
6,3,1,4767.0,0,563.0,1,274.0,Low
3,4,1,677.0,20,317.0,0,409.0,High
5,2,1,5251.0,40,72.0,0,179.0,Medium
8,2,1,2865.0,15,471.0,0,425.0,Medium
7,3,1,1389.0,40,522.0,1,83.0,Medium
3,2,2,1354.0,5,227.0,1,61.0,High
6,4,1,4112.0,20,504.0,1,49.0,Medium
6,3,1,501.0,0,208.0,1,389.0,Low
4,2,2,3586.0,40,393.0,0,172.0,High
5,5,1,2343.0,5,131.0,0,323.0,Low
2,5,1,653.0,25,185.0,0,27.0,Low
2,5,1,1168.0,25,178.0,0,146.0,Low
4,4,1,1936.0,20,485.0,0,400.0,Low
8,4,1,1286.0,0,400.0,0,160.0,Low
8,1,2,1231.0,40,148.0,1,464.0,Medium
3,3,1,2204.0,15,204.0,0,427.0,Medium
5,2,1,1505.0,30,80.0,1,447.0,Medium
4,5,2,666.0,20,189.0,0,80.0,Low
3,1,2,1161.0,0,180.0,0,26.0,Low
8,4,2,2561.0,25,552.0,0,429.0,Medium
6,1,2,1715.0,40,72.0,1,244.0,High
7,4,2,946.0,15,327.0,1,28.0,Medium
8,1,2,3838.0,15,135.0,0,167.0,Low
2,5,1,929.0,5,463.0,0,295.0,Low
3,5,1,1083.0,10,516.0,0,109.0,Low
1,5,1,977.0,5,385.0,1,343.0,Low
3,3,1,2128.0,10,221.0,1,148.0,Medium
1,4,1,4654.0,40,238.0,0,136.0,High
4,1,2,1569.0,30,180.0,1,406.0,Medium
5,2,2,1428.0,20,382.0,1,246.0,Medium
3,5,1,2489.0,40,190.0,1,49.0,Low
3,4,2,1524.0,30,93.0,0,462.0,High
7,3,2,4134.0,15,382.0,0,428.0,Low
3,3,1,532.0,15,449.0,1,305.0,Medium
6,4,1,1074.0,5,332.0,1,315.0,Medium
7,2,1,4088.0,5,69.0,0,146.0,Low
4,2,1,2290.0,0,251.0,0,393.0,High
2,2,2,1100.0,0,318.0,0,58.0,Low
3,1,1,1333.0,40,143.0,1,303.0,High
3,2,2,2295.0,10,515.0,1,75.0,High
6,4,1,2541.0,20,347.0,0,228.0,Medium
5,4,1,5621.0,5,167.0,0,273.0,Medium
1,4,1,3228.0,40,451.0,0,329.0,High
8,1,1,1011.0,20,373.0,1,363.0,Medium
6,3,2,783.0,15,191.0,1,84.0,Low
4,1,1,969.0,15,188.0,0,265.0,Medium
3,2,1,1190.0,40,172.0,0,257.0,High
3,4,2,1254.0,15,455.0,0,370.0,Medium
4,1,2,4982.0,30,163.0,0,411.0,Medium
5,4,1,433.0,5,349.0,1,354.0,Medium
1,2,2,5975.0,5,472.0,1,153.0,Low
3,1,1,4421.0,0,552.0,1,101.0,Medium
8,2,1,1818.0,25,514.0,1,277.0,High
5,5,2,3200.0,0,267.0,0,33.0,Low
7,2,1,2808.0,5,101.0,0,329.0,Low
7,2,1,3326.0,20,245.0,1,412.0,High
4,1,2,1355.0,20,102.0,1,132.0,Low
5,3,1,1116.0,40,467.0,1,448.0,Medium
3,3,1,1948.0,20,435.0,0,369.0,Medium
7,4,1,2136.0,10,108.0,1,293.0,Medium
1,5,2,2733.0,40,347.0,1,449.0,Low
8,5,2,3211.0,5,365.0,1,376.0,Low
5,3,2,2125.0,30,275.0,1,170.0,Low
1,3,2,1902.0,25,129.0,0,469.0,Medium
3,4,2,1793.0,40,470.0,1,180.0,High
3,5,2,2438.0,15,175.0,0,59.0,Low
5,5,1,1014.0,10,,1,220.0,Low
1,1,1,751.0,20,187.0,0,418.0,High
3,5,1,2083.0,40,176.0,1,385.0,Low
3,2,2,3678.0,0,401.0,0,387.0,High
5,2,2,770.0,20,180.0,1,366.0,Medium
4,4,1,546.0,15,559.0,1,329.0,Medium
8,5,2,2019.0,20,587.0,0,296.0,Low
7,4,1,1771.0,25,463.0,1,343.0,Medium
8,5,1,4957.0,15,574.0,1,302.0,Low
3,3,2,2608.0,30,210.0,0,34.0,Medium
7,4,1,2950.0,30,256.0,0,464.0,High
7,4,1,1061.0,5,45.0,0,134.0,Low
7,1,1,402.0,25,592.0,0,37.0,High
3,5,2,351.0,15,169.0,0,412.0,Low
4,3,1,698.0,20,209.0,1,459.0,High
6,5,1,4024.0,5,259.0,1,143.0,Low
7,1,1,5106.0,5,262.0,0,347.0,High
6,5,1,3070.0,20,337.0,1,66.0,Low
5,3,1,3458.0,5,190.0,0,323.0,Low
6,3,2,1768.0,5,500.0,0,492.0,Low
6,1,1,1224.0,0,264.0,1,82.0,Medium
2,5,1,620.0,40,158.0,0,207.0,Low
5,3,2,563.0,10,323.0,1,349.0,Medium
7,2,1,1791.0,15,421.0,0,422.0,Medium
1,3,1,2650.0,0,263.0,0,383.0,Low
3,2,1,648.0,40,530.0,0,118.0,High
6,4,1,2546.0,10,197.0,0,298.0,Medium
5,4,1,1458.0,15,85.0,1,21.0,Medium
4,2,1,3091.0,15,225.0,0,367.0,High
6,4,2,2810.0,30,433.0,0,264.0,Medium
7,5,2,951.0,40,38.0,1,150.0,Low
2,3,1,5186.0,0,333.0,0,417.0,High
1,2,1,3802.0,25,46.0,0,198.0,Medium
3,3,2,1415.0,0,380.0,0,342.0,Medium
4,3,2,761.0,25,290.0,0,149.0,Medium
5,2,1,1292.0,30,250.0,1,78.0,Medium
3,2,2,2276.0,30,591.0,0,162.0,High
4,5,1,3078.0,10,522.0,0,130.0,Low
5,2,2,3939.0,25,182.0,1,426.0,Medium
4,4,1,3385.0,40,572.0,0,413.0,Low
8,1,1,1925.0,20,383.0,0,84.0,Low
7,4,2,375.0,20,382.0,0,475.0,Medium
8,1,1,2552.0,25,271.0,1,311.0,Low
2,5,2,801.0,0,25.0,1,81.0,Low
3,4,2,2686.0,10,103.0,0,242.0,Medium
3,1,2,898.0,40,182.0,0,445.0,High
4,2,1,1540.0,5,178.0,1,248.0,High
1,3,1,1499.0,25,345.0,1,239.0,Medium
8,4,1,1445.0,20,283.0,0,279.0,Medium
5,4,1,920.0,10,418.0,0,27.0,Medium
8,2,2,1950.0,5,467.0,1,225.0,Medium
1,2,2,954.0,10,247.0,0,113.0,Low
2,5,1,4151.0,20,496.0,1,26.0,Low
2,4,2,568.0,10,292.0,0,311.0,Low
1,1,1,539.0,30,593.0,0,118.0,High
5,4,1,1467.0,20,277.0,0,411.0,Medium
5,4,2,1046.0,5,331.0,0,119.0,Medium
6,5,2,346.0,40,451.0,0,387.0,Low
2,2,1,3229.0,20,404.0,0,184.0,Low
6,1,2,2349.0,10,379.0,0,441.0,Medium
1,1,1,1311.0,15,251.0,0,166.0,High
7,2,1,2981.0,0,126.0,0,326.0,Medium
7,5,1,861.0,30,49.0,0,164.0,Low
1,4,2,1369.0,15,21.0,1,480.0,High
1,5,2,1289.0,15,439.0,0,105.0,Low
1,3,1,1632.0,0,518.0,0,171.0,Low
5,2,2,1175.0,25,121.0,0,436.0,Medium
5,5,1,2291.0,0,292.0,0,218.0,Low
4,5,1,3012.0,0,148.0,0,84.0,Low
1,3,2,4968.0,5,501.0,0,293.0,Low
2,4,1,962.0,25,331.0,1,286.0,Low
8,3,2,655.0,25,112.0,0,84.0,High
1,5,1,640.0,40,207.0,1,171.0,Low
2,5,2,1756.0,40,582.0,1,255.0,Low
4,1,1,4947.0,40,497.0,0,450.0,Medium
1,5,1,494.0,25,564.0,0,174.0,Low
1,2,2,2494.0,25,405.0,0,362.0,Low
8,3,2,842.0,30,191.0,0,85.0,High
5,1,2,986.0,10,52.0,0,438.0,High
6,5,1,2820.0,40,306.0,0,108.0,Low
8,4,2,1737.0,5,437.0,0,128.0,Low
4,1,1,3173.0,15,428.0,0,269.0,Medium
8,4,2,1812.0,40,395.0,0,145.0,Medium
5,1,2,1974.0,5,30.0,1,60.0,High
5,5,1,4184.0,5,221.0,0,91.0,Low
1,2,2,2716.0,5,446.0,1,57.0,Medium
3,1,1,752.0,15,418.0,1,131.0,Medium
4,2,2,1057.0,40,80.0,1,348.0,High
8,4,2,910.0,15,178.0,0,227.0,Medium
8,3,2,1989.0,5,240.0,1,328.0,High
5,3,2,3249.0,40,541.0,0,299.0,Low
8,3,1,462.0,40,514.0,0,404.0,High
6,2,1,1962.0,15,205.0,1,234.0,Medium
5,3,1,1535.0,20,186.0,0,273.0,Low
7,5,1,3360.0,20,357.0,0,129.0,Low
6,1,2,1000.0,0,288.0,0,227.0,Medium
3,3,1,2036.0,5,505.0,0,470.0,Medium
6,1,1,2023.0,5,430.0,0,467.0,High
1,5,2,895.0,20,132.0,1,58.0,Low
4,3,1,1736.0,5,207.0,1,170.0,High
1,2,2,1750.0,10,201.0,1,66.0,Medium
7,5,1,375.0,25,525.0,0,396.0,Low
1,2,1,1117.0,25,342.0,1,378.0,Medium
4,5,1,735.0,25,162.0,1,170.0,Low
7,4,2,2196.0,30,319.0,0,371.0,Medium
3,5,2,249.0,10,226.0,1,239.0,Low
8,3,1,1098.0,20,134.0,1,159.0,High
3,5,1,3269.0,20,524.0,1,159.0,Low
4,3,2,2285.0,15,269.0,0,377.0,Medium
1,4,2,1105.0,25,318.0,1,471.0,High
1,5,1,1931.0,30,43.0,0,207.0,Low
2,1,2,710.0,30,144.0,0,18.0,Medium
1,2,2,1714.0,15,129.0,1,329.0,Medium
1,3,2,556.0,0,249.0,0,81.0,Low
8,2,1,363.0,40,144.0,0,339.0,High
5,1,2,823.0,0,141.0,0,302.0,High
8,3,2,3566.0,25,588.0,0,164.0,High
3,4,1,3232.0,25,397.0,1,107.0,High
4,3,1,2029.0,15,539.0,0,462.0,High
7,5,2,4194.0,30,135.0,0,455.0,Low
5,5,2,6882.0,40,30.0,0,387.0,Low
3,1,1,1609.0,10,237.0,1,282.0,Medium
4,3,1,1176.0,20,402.0,1,488.0,High
6,3,2,291.0,25,48.0,0,150.0,Low
3,4,1,710.0,30,558.0,1,101.0,High
6,4,2,1193.0,20,165.0,1,286.0,Medium
7,2,2,2003.0,5,446.0,0,163.0,Medium
6,5,1,1218.0,20,62.0,0,265.0,Low
3,2,2,816.0,20,138.0,1,259.0,High
1,5,2,1925.0,30,297.0,0,107.0,Low
8,2,2,1221.0,5,509.0,1,385.0,Medium
5,1,1,1474.0,25,76.0,1,373.0,High
4,2,1,1638.0,25,388.0,1,140.0,High
8,3,2,761.0,40,488.0,0,229.0,High
7,1,2,3074.0,20,508.0,1,223.0,High
2,4,1,373.0,25,316.0,1,65.0,Low
5,4,2,1445.0,20,142.0,0,227.0,Medium
5,3,1,1132.0,20,229.0,0,225.0,Low
7,2,1,1321.0,10,48.0,0,270.0,Medium
7,3,1,2175.0,40,516.0,1,414.0,Medium
4,5,1,1028.0,25,463.0,0,111.0,Low
7,4,1,3874.0,25,489.0,1,27.0,Medium
6,5,2,665.0,25,86.0,0,218.0,Low
3,2,1,3355.0,15,463.0,0,244.0,High
2,1,1,4058.0,10,457.0,0,335.0,Medium
4,3,1,1024.0,40,61.0,1,269.0,High
2,2,2,2146.0,5,436.0,1,464.0,Low
5,4,2,1555.0,40,462.0,1,229.0,High
5,3,1,2555.0,10,292.0,1,212.0,Medium
3,1,1,527.0,5,272.0,0,209.0,Medium
3,1,1,1720.0,20,154.0,0,319.0,Medium
1,5,1,1568.0,0,512.0,0,368.0,Low
8,5,1,467.0,30,137.0,0,17.0,Low
3,1,1,3231.0,40,361.0,1,107.0,High
2,1,2,3765.0,10,364.0,0,39.0,Low
8,1,2,2291.0,30,429.0,1,489.0,Medium
2,3,2,1218.0,30,511.0,0,,High
8,4,2,280.0,0,419.0,1,141.0,Low
3,5,1,2506.0,15,199.0,1,430.0,Low
3,4,1,572.0,5,303.0,1,22.0,High
4,5,1,2050.0,20,567.0,0,262.0,Low
8,4,2,3394.0,10,222.0,0,325.0,Low
2,3,2,715.0,15,198.0,0,353.0,High
8,5,1,2533.0,5,141.0,0,291.0,Low
4,3,1,1194.0,20,383.0,1,392.0,High
3,3,2,391.0,30,327.0,1,129.0,Medium
7,4,1,897.0,40,61.0,0,214.0,Medium
2,5,2,771.0,5,477.0,0,359.0,Low
4,2,1,789.0,25,413.0,0,494.0,High
8,3,1,2908.0,25,412.0,0,13.0,High
2,1,1,688.0,30,169.0,0,10.0,Medium
3,3,1,2161.0,15,35.0,0,387.0,Medium
1,3,1,5041.0,20,221.0,1,259.0,Medium
2,2,1,1423.0,40,269.0,1,180.0,Low
2,1,1,763.0,15,79.0,1,439.0,Medium
3,1,1,379.0,30,168.0,0,10.0,High
4,2,1,886.0,30,562.0,0,225.0,High
2,2,2,948.0,20,577.0,0,10.0,Low
3,3,1,2033.0,30,456.0,1,476.0,Medium
3,4,1,2377.0,20,286.0,0,67.0,High
1,5,2,1481.0,5,105.0,1,443.0,Low
4,4,1,3254.0,40,207.0,0,372.0,Medium
8,5,1,3237.0,25,35.0,1,240.0,Low
5,3,2,841.0,0,307.0,1,123.0,Low
8,3,1,7381.0,30,445.0,0,451.0,High
6,3,2,493.0,5,374.0,1,481.0,Low
3,3,1,2008.0,5,37.0,0,455.0,Medium
3,5,2,1361.0,40,252.0,1,32.0,Low
7,1,2,1562.0,10,257.0,1,184.0,High
8,2,1,2721.0,5,385.0,1,75.0,Medium
5,3,1,547.0,10,44.0,1,294.0,Low
8,5,2,3888.0,10,120.0,0,91.0,Low
7,2,2,673.0,5,90.0,0,415.0,Medium
1,3,2,3049.0,0,589.0,1,331.0,Medium
3,5,2,2174.0,15,417.0,1,110.0,Low
8,5,1,1237.0,25,245.0,1,385.0,Low
6,2,1,1752.0,40,456.0,1,474.0,High
8,1,1,491.0,5,102.0,0,465.0,Low
6,2,2,964.0,25,201.0,0,242.0,Medium
6,1,1,3420.0,40,116.0,0,480.0,High
7,3,1,1222.0,30,314.0,1,15.0,Low
7,5,1,1052.0,25,84.0,1,321.0,Low
8,5,2,2678.0,5,73.0,1,74.0,Low
6,5,1,388.0,10,23.0,0,285.0,Low
7,4,1,2887.0,40,268.0,1,498.0,High
8,5,2,3599.0,40,237.0,1,75.0,Low
2,5,2,3433.0,25,595.0,1,39.0,Low
7,5,2,2478.0,15,559.0,1,39.0,Low
7,4,2,500.0,25,88.0,1,376.0,Medium
5,1,1,963.0,5,394.0,0,228.0,High
4,4,2,915.0,15,72.0,1,168.0,Low
7,3,1,312.0,30,591.0,1,185.0,Low
5,2,1,1333.0,0,525.0,1,16.0,Low
4,3,2,1261.0,5,432.0,1,453.0,Medium
2,3,1,673.0,30,238.0,1,300.0,High
2,4,1,1738.0,0,447.0,0,52.0,Low
3,1,1,2012.0,0,43.0,0,380.0,Medium
8,1,1,950.0,15,501.0,0,135.0,Low
1,5,2,757.0,30,197.0,1,346.0,Low
2,4,1,2024.0,40,553.0,0,281.0,Low
2,5,2,2711.0,5,252.0,1,231.0,Low
2,4,2,286.0,25,170.0,0,170.0,Low
4,2,1,1519.0,10,108.0,1,333.0,High
8,3,2,995.0,30,315.0,0,492.0,High
7,1,1,2690.0,10,553.0,1,374.0,High
8,2,1,1327.0,5,518.0,0,456.0,Medium
5,1,2,2985.0,25,257.0,0,139.0,High
4,4,1,2319.0,15,246.0,0,175.0,Low
2,3,2,1238.0,30,43.0,0,154.0,High
6,4,1,1893.0,0,508.0,0,407.0,Medium
2,5,1,1240.0,5,55.0,0,421.0,Low
2,1,2,2406.0,0,31.0,0,360.0,Medium
5,2,1,3656.0,40,437.0,0,396.0,Medium
6,4,1,1110.0,40,166.0,1,140.0,High
7,3,1,1834.0,5,115.0,0,397.0,Low
8,4,2,4386.0,5,123.0,0,419.0,Low
6,4,1,1166.0,10,355.0,1,100.0,Medium
1,1,2,1014.0,20,505.0,0,344.0,High
4,3,2,2973.0,10,387.0,0,415.0,Medium
6,5,2,1491.0,5,389.0,0,434.0,Low
8,3,2,2952.0,25,258.0,1,190.0,High
2,4,2,1518.0,15,416.0,0,159.0,Low
5,5,2,912.0,10,436.0,1,359.0,Low
3,1,1,1589.0,15,511.0,0,35.0,Medium
3,3,2,2204.0,30,89.0,0,373.0,Medium
7,5,2,875.0,30,503.0,1,449.0,Low
5,2,1,3608.0,15,585.0,0,91.0,Low
7,1,2,1217.0,30,77.0,1,145.0,High
5,5,1,740.0,30,464.0,1,427.0,Low
4,4,2,2237.0,40,555.0,0,348.0,Low
6,3,2,923.0,15,86.0,0,422.0,Low
8,3,1,849.0,10,342.0,0,69.0,High
8,3,1,3682.0,15,364.0,0,18.0,High
5,2,2,678.0,20,397.0,1,118.0,Medium
3,4,2,3490.0,40,325.0,1,411.0,High
3,5,2,2285.0,30,85.0,1,379.0,Low
3,4,2,2855.0,10,427.0,0,64.0,Medium
5,5,1,1819.0,10,384.0,1,491.0,Low
4,1,2,1924.0,20,338.0,1,252.0,Medium
3,5,1,298.0,20,295.0,0,125.0,Low
5,1,1,1277.0,5,189.0,0,149.0,High
5,1,1,2671.0,30,225.0,1,489.0,High
2,3,1,1442.0,10,281.0,1,214.0,High
4,2,2,1538.0,25,150.0,0,192.0,High
5,2,1,2231.0,0,228.0,0,193.0,Low
2,4,1,1143.0,20,470.0,0,454.0,Low
2,2,1,3116.0,25,580.0,0,230.0,Low
4,5,1,779.0,25,511.0,0,100.0,Low
2,2,2,1151.0,15,195.0,0,474.0,Low
4,5,1,648.0,30,172.0,0,489.0,Low
6,3,1,899.0,25,314.0,1,184.0,Low
8,2,1,1184.0,5,302.0,1,266.0,Medium
7,5,1,2918.0,10,41.0,0,151.0,Low
8,1,1,1245.0,40,238.0,0,32.0,Medium
6,3,2,2300.0,20,326.0,0,239.0,Low
7,5,1,2582.0,30,379.0,0,240.0,Low
8,4,1,3040.0,15,260.0,0,131.0,Low
1,4,2,827.0,30,251.0,0,432.0,High
5,4,1,1713.0,40,190.0,1,294.0,High
1,2,2,2788.0,0,387.0,1,337.0,Medium
6,4,1,715.0,25,471.0,1,448.0,High
2,5,1,980.0,30,213.0,1,288.0,Low
2,2,1,962.0,20,251.0,1,288.0,Medium
8,5,1,3286.0,5,65.0,1,248.0,Low
2,3,1,4867.0,30,468.0,0,236.0,High
7,1,1,2596.0,40,207.0,1,286.0,High
8,4,1,3880.0,40,475.0,1,70.0,Medium
7,1,1,1327.0,25,165.0,0,53.0,High
5,3,2,4304.0,30,408.0,0,55.0,Low
3,5,1,1761.0,25,416.0,1,430.0,Low
4,3,1,2071.0,10,21.0,0,171.0,Medium
8,5,2,1653.0,5,440.0,0,407.0,Low
1,3,1,2590.0,5,559.0,1,218.0,Low
2,2,1,889.0,0,53.0,1,13.0,Low
8,1,2,2106.0,15,21.0,0,211.0,Low
8,4,2,1451.0,30,35.0,1,483.0,Medium
1,4,2,319.0,15,213.0,0,310.0,High
5,1,2,2634.0,40,370.0,0,399.0,High
3,3,1,631.0,25,390.0,1,277.0,Medium
7,3,1,2105.0,5,417.0,0,211.0,Low
3,5,2,1276.0,20,281.0,0,365.0,Low
2,4,2,836.0,5,427.0,1,308.0,Low
1,3,1,7107.0,0,144.0,1,470.0,Low
8,4,1,2712.0,30,550.0,1,324.0,Medium
2,3,1,1889.0,20,490.0,1,113.0,High
6,1,1,1657.0,40,289.0,1,305.0,High
5,4,1,3031.0,20,508.0,1,37.0,Medium
3,4,1,2647.0,40,193.0,1,305.0,High
7,4,2,806.0,5,216.0,0,356.0,Medium
4,5,1,1657.0,15,199.0,0,208.0,Low
2,4,1,834.0,5,248.0,1,298.0,Medium
8,1,2,1106.0,0,61.0,0,12.0,Low
5,5,1,3083.0,40,569.0,1,363.0,Low
7,3,1,3438.0,30,399.0,1,149.0,Low
5,3,2,1299.0,0,568.0,1,381.0,Medium
3,5,1,239.0,10,140.0,1,56.0,Low
7,1,2,2660.0,5,485.0,1,270.0,High
2,2,2,2182.0,40,499.0,0,435.0,Low
5,2,2,496.0,20,433.0,0,78.0,Low
5,2,1,1657.0,0,232.0,0,185.0,Low
1,2,1,1941.0,10,216.0,1,38.0,Medium
3,2,1,1659.0,20,342.0,1,482.0,High
4,5,1,1193.0,20,314.0,1,391.0,Low
7,3,1,1738.0,40,211.0,0,464.0,Low
4,2,1,1013.0,25,500.0,0,433.0,High
6,1,1,2770.0,0,340.0,0,428.0,Medium
3,2,1,3091.0,15,579.0,0,223.0,High
2,4,1,1399.0,40,207.0,0,362.0,Medium
5,5,1,1240.0,15,373.0,0,163.0,Low
5,3,1,3263.0,40,27.0,1,305.0,Medium
4,4,2,3567.0,5,159.0,1,342.0,Low
8,1,2,839.0,30,176.0,0,228.0,Low
5,5,2,810.0,15,194.0,1,382.0,Low
1,3,2,2727.0,0,383.0,0,135.0,Low
2,1,2,1452.0,15,490.0,0,75.0,Low
4,5,2,755.0,20,379.0,1,423.0,Low
7,5,1,288.0,30,64.0,0,360.0,Low
5,3,1,295.0,20,284.0,0,126.0,Low
7,3,1,477.0,25,437.0,1,61.0,Medium
5,4,2,1445.0,40,34.0,0,27.0,High
5,4,1,1747.0,5,353.0,0,467.0,High
5,4,2,4231.0,10,263.0,0,130.0,Medium
8,2,1,359.0,10,583.0,1,483.0,High
3,2,2,1353.0,30,424.0,1,122.0,High
2,5,1,1462.0,30,558.0,1,132.0,Low
4,2,1,922.0,10,278.0,0,499.0,High
1,5,1,1594.0,25,505.0,0,205.0,Low
8,2,1,3284.0,15,530.0,1,306.0,Medium
4,1,1,965.0,20,186.0,0,72.0,Low
1,4,1,1954.0,15,160.0,0,480.0,High
5,3,1,1953.0,15,416.0,0,292.0,Low
2,3,1,1356.0,20,574.0,1,465.0,High
4,1,1,3611.0,30,540.0,1,202.0,Medium
8,5,1,606.0,0,22.0,1,15.0,Low
3,2,1,2594.0,25,62.0,0,377.0,High
4,1,1,978.0,0,551.0,1,289.0,Medium
4,4,1,3523.0,40,597.0,1,113.0,Low
7,3,2,2337.0,25,142.0,0,220.0,Low
2,2,2,2373.0,40,448.0,1,295.0,Medium
3,5,2,1539.0,20,518.0,0,492.0,Low
5,1,1,569.0,15,105.0,0,42.0,High
6,2,1,1927.0,25,367.0,0,437.0,Medium
8,2,1,2392.0,0,328.0,1,291.0,Medium
4,2,2,471.0,15,411.0,1,421.0,High
6,5,2,1983.0,15,477.0,0,88.0,Low
3,3,1,842.0,10,108.0,1,16.0,Medium
5,2,1,3108.0,5,118.0,1,346.0,Low
5,1,1,2292.0,20,70.0,1,451.0,High
1,4,2,1930.0,40,131.0,0,305.0,High
7,5,1,4406.0,5,442.0,0,422.0,Low
2,2,2,448.0,10,130.0,1,228.0,Low
2,5,1,598.0,40,400.0,0,159.0,Low
2,2,2,2069.0,40,333.0,0,138.0,Low
2,5,1,734.0,10,320.0,0,171.0,Low
4,1,1,2327.0,40,499.0,0,328.0,Medium
5,2,2,1748.0,40,213.0,1,441.0,Medium
3,2,1,3177.0,10,279.0,0,266.0,High
3,3,2,3167.0,10,271.0,0,421.0,Medium
8,4,2,862.0,0,316.0,0,148.0,Low
8,2,2,7362.0,20,537.0,1,306.0,Medium
5,5,1,3115.0,10,355.0,0,20.0,Low
6,5,2,750.0,0,533.0,0,376.0,Low
5,3,1,3380.0,0,64.0,0,280.0,Low
5,3,2,1667.0,30,253.0,0,455.0,Low
5,5,2,483.0,10,258.0,0,165.0,Low
3,2,1,3130.0,0,115.0,0,485.0,High
2,1,2,533.0,15,478.0,1,301.0,Medium
6,4,1,2897.0,5,263.0,0,289.0,Medium
1,3,2,2128.0,25,407.0,1,119.0,Low
4,4,2,1352.0,25,154.0,1,281.0,Low
4,5,1,1337.0,25,413.0,0,203.0,Low
2,3,2,2895.0,25,596.0,1,66.0,High
8,5,2,1780.0,40,547.0,1,321.0,Low
1,1,1,3418.0,30,200.0,1,149.0,High
2,4,2,1485.0,10,332.0,1,168.0,Low
3,3,1,1494.0,5,573.0,0,426.0,Medium
3,2,1,866.0,0,274.0,0,328.0,High
6,3,1,2034.0,20,329.0,1,268.0,Low
6,3,1,1559.0,5,57.0,1,414.0,Medium
4,5,2,1751.0,25,27.0,0,408.0,Low
8,1,2,298.0,10,445.0,1,143.0,Medium
1,1,1,1569.0,30,590.0,1,155.0,High
6,3,1,2403.0,5,598.0,1,23.0,Low
3,4,1,403.0,10,424.0,0,113.0,Medium
7,3,2,849.0,40,518.0,0,469.0,Low
2,3,1,1643.0,25,423.0,0,60.0,High
7,1,1,3843.0,40,202.0,0,440.0,High
5,3,1,2726.0,0,389.0,0,251.0,Low
7,1,2,4107.0,5,405.0,1,200.0,High
7,1,2,535.0,20,339.0,0,337.0,High
5,1,2,2162.0,10,247.0,1,444.0,High
4,3,1,2342.0,15,555.0,0,98.0,Medium
4,1,1,992.0,30,280.0,1,133.0,Medium
4,1,1,852.0,15,230.0,0,67.0,Low
4,2,1,3330.0,25,496.0,0,448.0,High
1,5,1,919.0,0,373.0,1,182.0,Low
6,2,1,1228.0,15,203.0,1,338.0,Medium
7,1,2,1763.0,25,125.0,0,34.0,High
5,4,1,1078.0,30,323.0,0,341.0,Medium
2,5,1,425.0,20,49.0,0,480.0,Low
2,1,1,2373.0,40,384.0,0,162.0,Medium
1,5,1,666.0,40,566.0,0,365.0,Low
6,4,1,2451.0,25,521.0,0,206.0,Medium
2,4,2,425.0,10,482.0,1,82.0,Low
4,1,2,1603.0,40,220.0,0,353.0,Medium
6,1,2,1319.0,10,87.0,0,290.0,Medium
1,5,1,1762.0,40,487.0,0,363.0,Low
3,3,1,2320.0,0,466.0,1,22.0,Low
5,5,1,1458.0,20,336.0,0,445.0,Low
3,5,2,654.0,5,536.0,1,376.0,Low
3,2,2,1343.0,40,375.0,0,73.0,High
7,3,1,3203.0,10,28.0,0,414.0,Low
2,2,2,3731.0,15,174.0,1,227.0,Low
2,4,1,2757.0,30,575.0,1,81.0,Low
6,3,1,1632.0,25,230.0,0,475.0,Medium
5,5,1,2021.0,5,275.0,1,423.0,Low
3,3,1,2613.0,20,587.0,0,250.0,Medium
2,5,1,628.0,0,472.0,0,468.0,Low
5,4,1,2758.0,30,249.0,1,209.0,High
1,5,1,2236.0,15,72.0,1,353.0,Low
8,2,2,776.0,15,91.0,0,442.0,Medium
7,1,2,1488.0,0,294.0,0,379.0,High
2,4,2,979.0,5,332.0,0,60.0,Low
6,2,1,1433.0,30,115.0,0,263.0,Medium
3,1,1,860.0,25,463.0,1,398.0,High
7,4,1,1483.0,30,61.0,0,283.0,Medium
2,1,2,1786.0,25,131.0,0,458.0,Medium
1,4,1,539.0,20,550.0,0,98.0,Medium
1,5,2,3792.0,15,200.0,1,299.0,Low
7,2,1,1906.0,10,71.0,0,61.0,Medium
2,1,1,1998.0,10,256.0,0,166.0,Medium
6,1,1,1855.0,5,312.0,0,70.0,Medium
6,4,1,1530.0,40,553.0,1,483.0,High
4,1,1,2221.0,15,39.0,0,106.0,Medium
5,1,2,522.0,15,136.0,1,493.0,High
5,5,2,2243.0,25,201.0,1,283.0,Low
6,2,1,1437.0,20,426.0,0,29.0,Low
1,4,1,1907.0,15,483.0,0,15.0,Medium
5,4,1,732.0,5,147.0,1,256.0,Medium
3,2,2,1019.0,25,204.0,1,373.0,High
3,2,1,1818.0,5,367.0,0,337.0,High
2,4,1,3135.0,25,160.0,0,189.0,Low
3,2,1,744.0,0,526.0,1,324.0,High
2,4,2,2867.0,0,421.0,0,499.0,Low
7,2,1,2237.0,15,505.0,1,53.0,Medium
2,2,1,550.0,10,373.0,1,474.0,Medium
8,1,2,831.0,15,309.0,0,28.0,Low
5,3,1,5905.0,40,446.0,1,259.0,Medium
2,5,2,2254.0,10,571.0,1,229.0,Low
2,1,1,931.0,0,245.0,1,29.0,Medium
2,4,2,1775.0,30,80.0,1,103.0,Low
7,4,2,3003.0,20,455.0,0,210.0,Medium
2,1,2,5029.0,40,466.0,0,371.0,Medium
2,2,1,1428.0,15,569.0,0,419.0,Low
3,1,1,1860.0,30,115.0,0,274.0,Medium
3,2,2,1751.0,30,195.0,1,74.0,High
2,5,1,3569.0,15,195.0,1,464.0,Low
4,3,1,3680.0,25,470.0,0,156.0,Medium
8,1,2,1498.0,30,228.0,1,219.0,Medium
5,1,2,2567.0,0,158.0,0,419.0,High
5,5,1,354.0,40,560.0,0,53.0,Low
6,5,2,2704.0,15,419.0,0,399.0,Low
2,4,1,2552.0,15,202.0,0,426.0,Low
4,4,1,1080.0,10,516.0,0,355.0,Low
5,2,1,723.0,25,250.0,0,165.0,Low
2,4,1,2202.0,10,537.0,0,84.0,Low
6,4,1,761.0,40,30.0,0,477.0,High
8,2,1,1521.0,30,360.0,0,251.0,Medium
1,1,2,1962.0,10,24.0,1,439.0,High
8,4,1,954.0,25,264.0,0,41.0,Medium
8,2,1,2629.0,5,308.0,1,251.0,Medium
6,4,1,2726.0,5,116.0,1,386.0,Medium
4,3,2,1466.0,10,235.0,0,482.0,Medium
8,3,1,708.0,5,289.0,0,285.0,High
4,3,1,2287.0,5,361.0,0,41.0,Medium
5,1,1,2028.0,15,323.0,1,204.0,High
7,4,2,921.0,15,549.0,0,221.0,Medium
2,1,2,3530.0,15,191.0,0,141.0,Low
5,1,1,4940.0,10,494.0,1,368.0,High
2,3,2,1082.0,25,59.0,1,362.0,High
4,4,2,3007.0,10,89.0,0,128.0,Low
8,4,1,3928.0,0,96.0,1,414.0,Low
6,1,2,250.0,0,63.0,1,421.0,Medium
3,5,2,3269.0,40,257.0,0,458.0,Low
5,2,2,2385.0,40,155.0,0,337.0,Medium
6,3,1,2265.0,30,402.0,0,411.0,Low
7,5,1,2114.0,0,544.0,0,60.0,Low
4,1,1,2684.0,30,570.0,0,386.0,Medium
3,3,2,1984.0,20,231.0,0,363.0,Medium
3,1,2,515.0,15,144.0,1,77.0,Medium
8,1,1,1302.0,25,87.0,0,259.0,Low
1,4,2,2573.0,25,69.0,0,446.0,High
5,4,2,1156.0,25,244.0,1,204.0,Medium
5,1,2,2701.0,25,93.0,0,65.0,High
8,2,2,1772.0,10,472.0,0,191.0,Medium
7,2,2,3537.0,0,89.0,0,398.0,Low
3,2,1,2081.0,15,549.0,0,170.0,High
3,3,1,3153.0,10,589.0,1,294.0,Medium
7,3,2,2307.0,30,426.0,0,193.0,Low
4,5,1,1930.0,40,549.0,1,121.0,Low
7,3,1,509.0,5,439.0,0,484.0,Low
5,3,2,5147.0,5,229.0,1,68.0,Low
1,1,2,4308.0,15,560.0,0,17.0,High
7,4,2,1168.0,10,150.0,0,61.0,Low
5,2,2,1153.0,5,195.0,1,149.0,Low
6,4,1,3491.0,5,76.0,1,400.0,Medium
3,1,2,558.0,10,332.0,1,201.0,Medium
5,4,1,1293.0,5,137.0,0,79.0,Medium
2,5,2,3265.0,25,437.0,0,92.0,Low
5,5,2,1931.0,10,280.0,1,167.0,Low
1,3,2,1397.0,0,462.0,1,469.0,Low
6,4,1,2475.0,15,586.0,0,119.0,Medium
1,3,2,1663.0,40,90.0,0,247.0,Medium
3,4,2,1798.0,15,221.0,1,339.0,High
7,2,2,2067.0,20,409.0,1,38.0,Medium
6,4,1,2032.0,20,308.0,0,226.0,Medium
8,2,1,1359.0,0,255.0,0,27.0,Low
2,1,2,1605.0,15,83.0,1,100.0,Medium
2,3,2,254.0,25,106.0,0,471.0,High
5,1,2,247.0,0,385.0,1,351.0,High
7,1,1,3275.0,40,80.0,1,66.0,High
1,1,1,1814.0,5,74.0,0,309.0,High
2,1,1,2744.0,5,87.0,0,369.0,Medium
2,2,1,335.0,15,148.0,1,475.0,Low
6,1,2,525.0,15,41.0,1,477.0,High
8,1,2,1330.0,10,567.0,1,479.0,Medium
8,1,1,357.0,25,223.0,0,124.0,Medium
4,4,2,3995.0,0,74.0,1,412.0,Low
8,5,1,1442.0,10,406.0,1,329.0,Low
5,1,1,3756.0,5,253.0,0,115.0,High
8,3,2,1064.0,0,143.0,0,230.0,Medium
4,2,2,741.0,25,437.0,1,190.0,High
6,1,1,391.0,30,199.0,1,146.0,High
3,5,2,1823.0,0,102.0,0,484.0,Low
3,1,1,564.0,30,434.0,1,458.0,High
1,4,1,840.0,0,97.0,1,332.0,High
2,1,2,5485.0,25,103.0,0,398.0,Medium
8,2,1,401.0,40,470.0,0,24.0,Medium
2,2,2,2594.0,30,72.0,0,353.0,Low
4,5,1,1678.0,20,148.0,1,56.0,Low
1,3,2,290.0,5,320.0,0,72.0,Low
2,4,1,1115.0,20,259.0,1,408.0,Medium
1,2,1,4564.0,20,50.0,1,350.0,Medium
7,2,2,1684.0,40,85.0,0,255.0,Medium
7,2,2,2145.0,15,420.0,0,279.0,Medium
7,5,1,2046.0,30,119.0,1,26.0,Low
1,2,1,460.0,15,29.0,0,129.0,Medium
6,5,1,1705.0,30,167.0,0,365.0,Low
4,2,1,2329.0,0,71.0,0,86.0,High
4,3,2,1894.0,30,402.0,1,306.0,High
6,3,1,3890.0,5,201.0,0,99.0,Low
8,4,1,1402.0,40,140.0,1,71.0,Medium
6,4,2,241.0,10,428.0,0,311.0,Medium
6,5,2,2466.0,30,160.0,0,102.0,Low
4,3,2,1626.0,20,181.0,1,23.0,Medium
6,5,1,2288.0,10,575.0,0,92.0,Low
1,4,1,616.0,0,438.0,1,385.0,High
5,4,1,5259.0,0,352.0,0,190.0,Medium
1,2,1,560.0,25,221.0,1,366.0,High
8,3,2,5901.0,20,165.0,1,341.0,High
5,2,2,459.0,15,51.0,1,449.0,Medium
1,1,1,2294.0,15,554.0,1,215.0,High
4,4,2,2109.0,15,448.0,1,203.0,Low
6,5,1,1420.0,0,32.0,0,60.0,Low
6,1,1,277.0,25,251.0,1,487.0,High
6,1,1,1191.0,5,586.0,0,138.0,Medium
1,1,2,1111.0,0,71.0,0,445.0,High
8,4,2,2402.0,15,478.0,0,424.0,Medium
8,1,1,1051.0,40,56.0,0,270.0,Medium
8,3,2,372.0,0,562.0,1,498.0,High
8,3,2,5102.0,40,102.0,1,398.0,High
2,5,2,3777.0,30,36.0,0,389.0,Low
4,2,1,1809.0,0,240.0,1,348.0,High
2,2,1,1357.0,10,72.0,0,224.0,Low
7,5,1,1557.0,5,475.0,1,273.0,Low
1,3,1,1771.0,5,365.0,0,413.0,Low
1,1,1,409.0,30,305.0,1,425.0,High
7,2,1,670.0,15,487.0,0,200.0,Medium
4,1,1,727.0,15,105.0,1,52.0,Medium
2,2,2,2461.0,5,334.0,0,176.0,Low
6,5,1,1527.0,30,339.0,0,345.0,Low
3,1,1,2411.0,25,507.0,0,127.0,Medium
5,3,1,1155.0,30,418.0,0,75.0,Low
4,1,1,2834.0,25,592.0,0,318.0,Medium
3,3,1,716.0,30,201.0,0,51.0,Medium
3,4,1,3515.0,25,174.0,1,272.0,High
7,1,2,1078.0,5,236.0,1,153.0,High
6,2,2,824.0,25,389.0,1,109.0,Medium
8,4,1,570.0,0,506.0,0,256.0,Low
5,3,1,2460.0,10,577.0,0,194.0,Low
3,5,2,2118.0,15,511.0,1,152.0,Low
1,4,1,3124.0,40,336.0,1,428.0,High
7,2,1,1921.0,40,185.0,0,399.0,High
4,1,1,447.0,20,257.0,0,218.0,Medium
8,2,1,1270.0,25,68.0,0,386.0,High
4,3,1,4498.0,25,32.0,0,162.0,Medium
3,3,1,1189.0,0,228.0,0,458.0,Low
2,2,1,3087.0,30,69.0,1,64.0,Medium
4,3,1,715.0,25,316.0,1,493.0,High
4,1,2,1152.0,40,264.0,0,68.0,Medium
7,4,2,919.0,10,168.0,0,213.0,Medium
3,2,1,536.0,20,315.0,1,134.0,High
4,4,2,1837.0,25,79.0,0,275.0,Low
1,2,2,3629.0,0,299.0,0,156.0,Low
8,2,1,1770.0,0,546.0,0,363.0,Medium
7,1,2,3344.0,15,387.0,1,499.0,High
1,3,1,,25,76.0,1,186.0,Medium
3,2,1,2936.0,15,79.0,0,409.0,High
7,2,1,1287.0,10,505.0,0,189.0,Low
3,4,2,3172.0,40,71.0,1,190.0,High
8,4,1,4937.0,0,230.0,0,256.0,Low
7,1,1,2053.0,30,469.0,0,130.0,High
1,1,2,468.0,0,567.0,0,166.0,High
6,3,2,6176.0,0,295.0,0,268.0,Low
5,3,2,553.0,5,521.0,1,288.0,Low
1,3,1,1077.0,40,68.0,0,323.0,Medium
4,3,1,2711.0,25,500.0,1,221.0,High
8,1,1,2276.0,20,89.0,0,44.0,Low
1,5,1,3837.0,40,269.0,0,97.0,Low
7,4,1,231.0,30,180.0,0,468.0,High
1,5,1,930.0,0,413.0,1,471.0,Low
7,5,1,866.0,10,32.0,1,485.0,Low
2,5,2,2760.0,30,238.0,1,418.0,Low
4,4,1,1917.0,40,193.0,1,189.0,Medium
8,2,1,1554.0,25,284.0,1,333.0,High
8,1,2,1321.0,20,311.0,0,482.0,Low
1,4,1,1145.0,20,266.0,1,421.0,High
4,4,1,455.0,5,433.0,0,112.0,Low
8,1,2,1045.0,40,240.0,0,159.0,Medium
7,5,2,2460.0,0,501.0,0,64.0,Low
6,1,2,1519.0,0,370.0,0,449.0,Medium
2,1,1,4621.0,5,246.0,1,373.0,Medium
6,4,2,3484.0,15,392.0,0,97.0,Low
1,1,2,4054.0,40,439.0,1,238.0,High
6,2,1,503.0,40,81.0,0,396.0,High
1,2,1,1603.0,40,322.0,0,152.0,Medium
6,1,2,768.0,0,154.0,1,271.0,Medium
1,2,1,2098.0,15,72.0,0,152.0,Medium
5,2,1,3369.0,30,215.0,0,454.0,Medium
3,5,1,1694.0,15,154.0,1,168.0,Low
2,5,1,3946.0,30,579.0,1,310.0,Low
7,1,1,806.0,5,450.0,1,28.0,High
8,4,1,,25,149.0,1,230.0,Medium
3,2,1,2700.0,30,249.0,0,427.0,High
7,3,2,1177.0,15,397.0,1,215.0,Low
4,3,1,189.0,25,382.0,1,51.0,High
3,5,2,1787.0,0,60.0,1,311.0,Low
2,3,2,2745.0,25,532.0,1,126.0,High
3,4,1,3016.0,30,150.0,0,377.0,High
4,5,1,608.0,25,139.0,1,486.0,Low
3,3,2,2090.0,20,343.0,1,494.0,Medium
1,2,1,1879.0,40,556.0,0,487.0,High
8,3,1,3534.0,5,383.0,1,199.0,High
8,3,1,405.0,5,570.0,0,472.0,High
4,5,1,780.0,0,524.0,0,398.0,Low
4,3,1,2332.0,25,437.0,1,167.0,Medium
6,1,1,1123.0,25,530.0,0,28.0,Medium
3,3,1,1108.0,20,342.0,0,441.0,Medium
1,2,2,1127.0,0,266.0,1,10.0,Medium
8,1,1,4694.0,5,235.0,0,392.0,Low
3,5,2,3043.0,0,546.0,1,196.0,Low
8,3,1,5097.0,5,491.0,0,418.0,High
7,2,1,1071.0,40,39.0,0,144.0,Medium
2,5,1,913.0,0,145.0,1,459.0,Low
6,1,1,1304.0,15,359.0,0,82.0,Medium
5,2,1,1926.0,0,339.0,0,292.0,Low
2,3,2,377.0,40,306.0,1,45.0,High
3,4,1,3099.0,0,102.0,0,408.0,High
8,5,1,755.0,30,300.0,1,414.0,Low
3,4,1,1393.0,15,327.0,0,433.0,High
1,4,2,1125.0,30,342.0,1,389.0,High
3,4,2,1852.0,20,209.0,0,325.0,High
6,1,2,2187.0,40,524.0,0,464.0,High
1,4,2,1063.0,0,119.0,0,391.0,Medium
7,4,2,2021.0,40,594.0,1,267.0,High
1,3,2,4698.0,30,573.0,1,405.0,Medium
8,5,1,1489.0,15,541.0,1,117.0,Low
1,1,1,779.0,5,213.0,1,489.0,High
2,4,2,3505.0,5,407.0,0,38.0,Low
8,2,2,1067.0,25,178.0,1,199.0,Medium
4,5,2,956.0,40,535.0,1,464.0,Low
3,2,2,1174.0,5,120.0,0,105.0,High
6,2,1,4579.0,15,263.0,1,161.0,Medium
1,4,1,567.0,20,52.0,0,437.0,High
5,1,1,3680.0,40,253.0,0,363.0,High
2,5,2,4490.0,10,67.0,0,300.0,Low
5,1,2,2626.0,15,117.0,1,64.0,High
2,4,2,1437.0,25,93.0,1,113.0,Low
4,4,1,2456.0,25,36.0,0,54.0,Low
8,3,1,935.0,10,117.0,0,375.0,High
7,5,1,1339.0,10,276.0,0,361.0,Low
4,1,1,578.0,10,333.0,0,19.0,Low
5,3,1,790.0,40,275.0,0,26.0,Medium
2,5,1,1237.0,40,392.0,0,414.0,Low
2,5,2,1457.0,5,311.0,1,46.0,Low
5,5,2,1816.0,10,579.0,0,285.0,Low
4,1,1,2049.0,30,222.0,0,140.0,Low
7,5,2,3117.0,15,327.0,1,371.0,Low
6,1,2,3136.0,40,470.0,1,271.0,High
5,5,1,5771.0,40,98.0,0,160.0,Low
8,1,2,2390.0,25,220.0,0,59.0,Low
7,5,2,2883.0,5,294.0,0,145.0,Low
7,4,1,1006.0,30,198.0,0,140.0,Medium
2,3,1,1643.0,25,317.0,0,380.0,High
8,5,1,2548.0,0,103.0,1,483.0,Low
3,5,1,1901.0,25,444.0,1,200.0,Low
6,3,1,2927.0,10,87.0,1,283.0,Low
6,4,2,3128.0,40,194.0,0,415.0,Medium
6,3,1,2372.0,15,70.0,0,372.0,Low
7,5,1,1581.0,0,530.0,0,39.0,Low
8,2,2,3837.0,40,127.0,0,87.0,Medium
1,2,2,395.0,25,68.0,0,97.0,Low
6,4,1,472.0,5,516.0,1,263.0,High
5,4,1,3143.0,5,302.0,0,267.0,Medium
7,4,1,1544.0,15,182.0,0,215.0,Medium
5,2,2,436.0,20,371.0,1,461.0,Medium
4,1,1,3942.0,15,102.0,1,365.0,Medium
8,1,1,3466.0,25,535.0,0,108.0,Low
8,4,2,1938.0,10,477.0,1,342.0,Low
3,3,2,947.0,5,514.0,1,349.0,Medium
4,3,2,1146.0,25,418.0,0,331.0,High
4,4,2,3350.0,25,310.0,1,217.0,Low
1,4,1,584.0,25,306.0,0,100.0,High
7,2,1,1167.0,15,558.0,0,201.0,Medium
4,3,1,1577.0,30,458.0,0,78.0,Medium
4,2,1,1226.0,20,502.0,1,67.0,High
7,4,1,1679.0,15,246.0,0,163.0,Medium
7,3,1,4811.0,5,49.0,1,61.0,Low
4,2,1,3332.0,25,158.0,0,281.0,High
5,2,2,4789.0,0,320.0,1,32.0,Low
6,3,1,634.0,10,104.0,1,178.0,Low
3,1,2,1806.0,15,302.0,0,422.0,High
5,1,1,2926.0,20,297.0,0,60.0,High
1,3,1,1655.0,40,517.0,0,190.0,Medium
5,2,1,210.0,5,453.0,1,352.0,Medium
3,2,2,1476.0,40,58.0,1,451.0,High
7,5,1,1853.0,10,571.0,1,89.0,Low
3,3,1,2068.0,25,224.0,1,328.0,Medium
4,2,1,982.0,20,577.0,0,226.0,High
5,1,1,3712.0,30,134.0,1,454.0,High
7,4,1,1495.0,20,455.0,1,88.0,Medium
3,1,1,2459.0,40,391.0,0,448.0,High
4,1,1,3971.0,20,463.0,0,190.0,Medium
2,1,2,2742.0,5,22.0,0,369.0,Medium
8,2,1,2332.0,25,239.0,0,352.0,Medium
3,3,1,1521.0,0,388.0,1,407.0,Medium
4,1,2,571.0,0,289.0,0,140.0,Low
1,3,1,2397.0,30,60.0,1,320.0,Medium
1,2,1,3126.0,5,166.0,0,479.0,Low
6,4,2,2727.0,25,126.0,1,428.0,Medium
4,4,1,683.0,15,534.0,0,212.0,Low
6,5,1,2352.0,25,177.0,0,180.0,Low
5,4,1,2839.0,25,514.0,0,85.0,Medium
3,2,1,3398.0,40,363.0,1,303.0,High
2,3,2,722.0,40,557.0,0,137.0,High
4,4,2,310.0,0,539.0,0,88.0,Low
6,2,1,1480.0,15,328.0,0,285.0,Medium
7,5,1,1478.0,40,511.0,1,32.0,Low
2,2,1,1230.0,20,179.0,1,131.0,Medium
7,1,1,4151.0,30,24.0,0,496.0,High
1,2,2,759.0,15,545.0,1,334.0,Medium
6,3,1,508.0,20,34.0,1,470.0,Medium
6,1,2,4032.0,0,565.0,0,465.0,Medium
6,2,1,353.0,40,328.0,0,299.0,High
7,1,1,957.0,15,,1,298.0,High
6,5,2,1442.0,0,577.0,1,313.0,Low
7,5,2,1233.0,20,381.0,0,113.0,Low
4,1,1,954.0,20,343.0,0,235.0,Medium
4,5,1,3588.0,0,269.0,0,157.0,Low
2,1,2,448.0,10,389.0,1,497.0,High
2,2,1,899.0,0,132.0,1,178.0,Low
1,5,1,4671.0,0,154.0,0,58.0,Low
4,1,1,1144.0,15,233.0,1,442.0,Medium
1,5,1,2887.0,0,476.0,0,63.0,Low
5,5,2,482.0,10,112.0,1,148.0,Low
1,5,1,1902.0,25,513.0,0,22.0,Low
3,2,2,4106.0,30,45.0,1,250.0,High
7,1,2,248.0,0,242.0,1,100.0,High
4,4,1,776.0,10,59.0,0,435.0,Low
1,4,2,914.0,30,284.0,0,191.0,Medium
3,2,1,2691.0,25,55.0,0,456.0,High
5,2,1,5915.0,40,580.0,0,139.0,Low
5,3,1,989.0,20,108.0,1,487.0,Low
1,1,2,1806.0,10,27.0,0,70.0,High
4,5,1,1731.0,10,177.0,0,171.0,Low
4,4,1,3277.0,40,590.0,0,173.0,Low
4,5,2,773.0,20,191.0,0,284.0,Low
6,1,2,2158.0,40,308.0,1,103.0,High
2,2,2,2418.0,10,571.0,0,442.0,Medium
2,3,1,1403.0,40,380.0,0,293.0,High
4,3,1,2929.0,15,214.0,0,11.0,Medium
4,1,1,2284.0,30,390.0,0,56.0,Medium
4,5,2,1647.0,20,599.0,0,304.0,Low
7,5,1,1086.0,40,154.0,0,83.0,Low
4,4,2,3510.0,10,245.0,1,348.0,Low
1,5,1,1371.0,10,357.0,1,70.0,Low
6,1,1,928.0,20,313.0,1,411.0,High
3,3,2,1100.0,20,316.0,0,369.0,Medium
3,3,2,1858.0,20,578.0,1,136.0,Medium
1,1,1,2207.0,0,321.0,0,206.0,High
3,4,2,3511.0,40,132.0,1,22.0,High
8,5,1,604.0,15,506.0,0,16.0,Low
8,3,2,664.0,15,345.0,0,204.0,High
4,2,1,1632.0,30,502.0,1,13.0,High
4,4,1,3226.0,20,202.0,0,304.0,Low
3,1,1,3009.0,15,566.0,0,353.0,Medium
7,4,1,1040.0,10,411.0,0,398.0,Medium
7,5,2,1395.0,10,596.0,0,204.0,Low
6,1,1,1248.0,20,227.0,0,66.0,Medium
5,3,1,934.0,40,431.0,0,415.0,Medium
2,5,2,1795.0,40,161.0,1,338.0,Low
1,3,2,977.0,25,466.0,1,474.0,Medium
4,2,2,807.0,15,27.0,0,276.0,High
1,3,1,1977.0,20,218.0,1,10.0,Medium
6,1,1,2306.0,25,310.0,1,319.0,High
1,5,1,510.0,10,572.0,0,354.0,Low
3,1,1,672.0,5,392.0,1,487.0,Medium
8,4,1,1159.0,30,252.0,1,100.0,Medium
8,1,1,1725.0,30,592.0,0,223.0,Low
6,4,1,623.0,40,268.0,1,284.0,High
5,4,2,1076.0,20,470.0,0,361.0,Medium
6,2,1,738.0,15,512.0,0,23.0,Medium
6,5,2,1877.0,25,531.0,1,299.0,Low
8,1,2,1583.0,15,75.0,1,56.0,Low
1,5,1,759.0,0,531.0,0,426.0,Low
4,5,2,4091.0,25,520.0,1,87.0,Low
6,3,1,3185.0,30,61.0,1,192.0,Low
6,5,2,1951.0,5,298.0,0,168.0,Low
8,5,1,3343.0,40,384.0,1,499.0,Low
5,2,1,1398.0,30,309.0,1,192.0,Medium
5,1,1,1524.0,25,449.0,0,25.0,High
8,4,1,1465.0,15,84.0,1,328.0,Medium
6,2,1,1890.0,20,323.0,0,278.0,Medium
1,3,1,3356.0,0,512.0,0,307.0,Low
5,3,2,1867.0,20,547.0,1,139.0,Low
4,4,1,2101.0,20,440.0,0,222.0,Low
5,2,2,3283.0,40,566.0,0,91.0,Low
2,5,1,2077.0,30,67.0,1,55.0,Low
5,1,2,9355.0,20,155.0,0,265.0,High
8,1,1,1258.0,40,589.0,1,398.0,Medium
5,3,1,5493.0,5,563.0,0,144.0,Low
4,4,1,2329.0,30,239.0,0,267.0,Low
2,3,1,637.0,15,365.0,1,354.0,High
6,3,1,1006.0,10,471.0,0,490.0,Low
6,2,1,1890.0,10,50.0,0,219.0,Medium
3,3,1,5038.0,10,210.0,0,275.0,Low
2,4,1,939.0,10,487.0,0,331.0,Low
6,5,2,1785.0,40,471.0,0,217.0,Low
3,4,1,3926.0,15,480.0,0,289.0,High
7,3,1,903.0,30,548.0,0,193.0,Low
5,4,2,2554.0,10,253.0,0,139.0,Medium
6,2,2,946.0,20,238.0,0,278.0,Medium
2,5,1,1967.0,15,434.0,1,228.0,Low
1,4,1,911.0,40,365.0,1,437.0,High
4,4,1,950.0,0,599.0,0,328.0,Low
3,2,1,2777.0,0,296.0,1,148.0,High
4,4,2,600.0,15,389.0,0,261.0,Low
3,4,1,389.0,10,106.0,1,311.0,High
3,5,1,846.0,15,353.0,0,46.0,Low
7,5,2,1889.0,15,423.0,1,236.0,Low
3,3,1,2443.0,10,114.0,0,170.0,Low
6,2,1,1750.0,0,165.0,0,439.0,Medium
3,2,2,1863.0,20,397.0,1,499.0,High
1,1,2,1468.0,0,558.0,0,83.0,Medium
5,5,2,654.0,10,222.0,0,299.0,Low
1,1,1,2606.0,5,67.0,1,128.0,High
2,5,2,1202.0,5,58.0,0,202.0,Low
8,2,1,1914.0,20,218.0,1,158.0,Medium
6,1,2,1297.0,30,367.0,1,75.0,Medium
7,5,1,1024.0,0,250.0,1,495.0,Low
1,2,2,741.0,0,345.0,1,43.0,Low
6,5,2,2283.0,20,142.0,0,437.0,Low
8,5,2,2415.0,5,440.0,1,78.0,Low
5,2,1,766.0,5,138.0,0,456.0,Low
2,4,1,2226.0,25,479.0,0,47.0,Low
2,4,1,2275.0,40,294.0,0,255.0,Low
4,3,1,1313.0,5,25.0,1,87.0,High
4,1,1,1819.0,40,52.0,1,414.0,High
8,3,1,478.0,20,397.0,0,291.0,High
4,4,1,695.0,25,114.0,0,113.0,Low
2,5,1,521.0,25,103.0,0,53.0,Low
1,1,1,1418.0,15,49.0,1,17.0,High
4,5,1,2609.0,40,556.0,0,364.0,Low
8,5,2,2096.0,15,149.0,1,479.0,Low
6,2,1,2114.0,40,87.0,0,194.0,Medium
6,2,1,3141.0,10,67.0,1,222.0,Medium
7,4,1,1505.0,30,495.0,0,298.0,Medium
1,1,1,2686.0,20,242.0,0,296.0,High
3,4,1,2544.0,40,527.0,1,310.0,High
3,1,2,4004.0,15,403.0,1,311.0,Medium
5,2,2,1194.0,25,271.0,0,251.0,Low
6,3,2,1425.0,15,330.0,1,,Low
5,5,2,764.0,15,389.0,1,146.0,Low
3,1,1,2215.0,40,153.0,1,423.0,High
8,3,2,1098.0,0,493.0,1,316.0,High
2,5,1,1459.0,10,483.0,0,480.0,Low
1,3,1,2145.0,15,578.0,1,289.0,Low
3,4,1,2034.0,5,551.0,1,128.0,High
4,5,1,1737.0,40,228.0,0,344.0,Low
2,4,1,5277.0,15,407.0,0,25.0,Low
6,4,2,4841.0,15,544.0,1,252.0,Medium
7,3,1,1214.0,30,328.0,0,345.0,Low
4,3,1,1316.0,25,458.0,1,253.0,High
5,2,2,2741.0,40,99.0,1,242.0,Medium
8,3,1,920.0,25,262.0,0,371.0,High
7,1,2,2341.0,0,121.0,0,220.0,High
6,4,1,5230.0,10,96.0,0,388.0,Medium
2,4,1,1298.0,40,176.0,0,22.0,Low
7,2,1,1626.0,10,148.0,0,137.0,Medium
1,3,2,1727.0,40,200.0,1,191.0,Medium
3,2,1,2026.0,15,191.0,0,39.0,High
7,3,1,1975.0,10,212.0,0,280.0,Low
3,1,1,1652.0,40,148.0,0,309.0,High
3,3,2,2863.0,40,243.0,1,156.0,Medium
6,2,1,1086.0,40,431.0,0,80.0,Medium
8,2,2,3402.0,5,453.0,0,69.0,Low
4,1,2,1528.0,20,117.0,0,170.0,Low
3,3,1,317.0,20,478.0,0,349.0,Medium
5,5,1,1671.0,25,366.0,1,112.0,Low
3,1,1,536.0,5,556.0,0,148.0,Medium
1,4,2,4618.0,10,506.0,0,441.0,Medium
7,3,2,2103.0,20,177.0,0,376.0,Low
4,2,2,453.0,25,599.0,1,389.0,High
4,5,2,1323.0,5,292.0,0,47.0,Low
4,1,1,1406.0,40,548.0,0,50.0,Low
5,2,1,2743.0,0,224.0,0,181.0,Low
8,5,1,2240.0,5,62.0,1,209.0,Low
4,2,1,1831.0,20,577.0,1,12.0,High
5,1,1,2816.0,40,552.0,1,361.0,High
8,3,2,5641.0,15,397.0,0,479.0,High
4,5,1,2141.0,20,286.0,1,226.0,Low
7,1,1,3210.0,30,254.0,0,204.0,High
5,2,1,613.0,15,467.0,1,478.0,Medium
6,1,1,1561.0,30,598.0,1,21.0,High
2,1,2,4804.0,30,339.0,1,340.0,Medium
1,4,1,1418.0,20,267.0,1,471.0,High
1,1,2,2251.0,5,164.0,0,492.0,High
4,1,1,842.0,5,429.0,0,93.0,Low
6,4,2,2662.0,40,340.0,0,148.0,Medium
1,3,1,3221.0,15,292.0,0,17.0,Low
4,1,1,1738.0,0,144.0,0,59.0,Low
6,1,1,3621.0,30,94.0,1,499.0,High
3,1,2,546.0,25,38.0,0,169.0,Medium
8,5,2,1174.0,5,66.0,0,160.0,Low
5,4,1,2719.0,25,117.0,1,49.0,Medium
8,1,2,612.0,10,99.0,0,34.0,Low
7,4,1,1671.0,0,259.0,0,119.0,Medium
2,4,1,1188.0,10,511.0,1,232.0,Low
5,5,2,3627.0,5,281.0,0,110.0,Low
1,4,2,648.0,40,105.0,0,52.0,High
8,2,2,710.0,10,108.0,0,220.0,Medium
7,2,2,957.0,25,142.0,1,96.0,Medium
5,3,2,1303.0,25,500.0,1,180.0,Low
3,4,1,2644.0,5,195.0,1,312.0,High
2,1,1,1292.0,30,280.0,0,487.0,High
7,4,1,2675.0,0,234.0,1,333.0,Medium
3,2,2,1383.0,40,23.0,0,102.0,High
1,2,1,2268.0,20,170.0,0,325.0,Medium
5,1,1,2935.0,20,277.0,1,315.0,High
8,1,2,2114.0,0,411.0,0,194.0,Low
5,1,1,1283.0,20,575.0,1,410.0,High
7,1,1,1994.0,5,335.0,0,258.0,High
2,4,1,1623.0,40,220.0,1,353.0,Medium
5,2,2,2011.0,25,570.0,1,454.0,Medium
4,1,1,4178.0,25,293.0,1,77.0,Medium
1,5,2,941.0,0,277.0,0,94.0,Low
2,4,1,805.0,5,516.0,1,60.0,Low
6,1,1,505.0,10,291.0,0,185.0,Medium
8,4,1,1843.0,30,407.0,0,159.0,Low
5,4,1,1182.0,20,429.0,0,370.0,Medium
8,3,2,760.0,40,583.0,0,457.0,High
7,2,1,2984.0,40,238.0,0,187.0,Medium
6,5,1,358.0,5,507.0,1,95.0,Low
1,3,1,2959.0,20,497.0,1,356.0,Medium
7,5,1,3975.0,20,323.0,1,129.0,Low
4,4,2,2243.0,20,562.0,0,152.0,Low
5,1,1,1520.0,5,373.0,1,449.0,High
3,3,1,1293.0,5,302.0,1,163.0,Low
3,5,1,3619.0,0,252.0,1,487.0,Low
6,3,1,1450.0,30,291.0,1,436.0,Medium
1,4,1,3619.0,20,235.0,1,193.0,High
3,1,2,1789.0,5,99.0,0,204.0,Medium
6,4,2,1293.0,15,154.0,0,424.0,Medium
2,3,2,2510.0,20,57.0,0,267.0,High
1,4,2,1581.0,20,309.0,1,399.0,High
7,2,1,260.0,15,175.0,1,37.0,Medium
4,5,2,345.0,15,388.0,0,311.0,Low
1,2,2,2951.0,15,448.0,0,240.0,Low
5,2,2,2783.0,25,267.0,0,97.0,Low
6,4,2,2215.0,0,247.0,0,265.0,Medium
6,3,2,3159.0,25,185.0,0,213.0,Low
4,3,1,2034.0,40,170.0,0,293.0,Medium
8,3,2,239.0,25,533.0,0,78.0,High
3,2,1,1521.0,15,431.0,0,251.0,High
3,4,1,590.0,30,174.0,1,281.0,High
7,1,1,1790.0,5,431.0,0,141.0,High
1,4,2,2772.0,20,545.0,1,499.0,High
3,4,2,4035.0,20,577.0,1,271.0,High
3,3,2,2433.0,15,213.0,0,275.0,Medium
5,4,2,2929.0,10,495.0,1,499.0,High
2,4,2,2106.0,40,80.0,0,269.0,Low
2,3,1,992.0,0,41.0,0,232.0,Medium
4,4,1,954.0,10,535.0,1,163.0,Low
4,4,1,728.0,0,391.0,1,326.0,Low
4,4,1,2448.0,30,561.0,1,364.0,Medium
7,5,2,735.0,0,184.0,0,38.0,Low
1,1,2,1582.0,30,117.0,0,481.0,High
7,1,1,1489.0,40,458.0,0,434.0,High
8,3,1,4079.0,20,279.0,0,199.0,High
7,1,1,2140.0,20,444.0,0,458.0,High
8,4,2,1097.0,0,93.0,0,497.0,Low
1,1,1,1340.0,30,337.0,1,196.0,High
7,4,2,1360.0,0,458.0,0,262.0,Low
3,2,2,1795.0,0,491.0,0,112.0,Medium
8,1,1,1039.0,30,205.0,0,102.0,Low
8,2,2,4418.0,0,582.0,1,103.0,Low
8,2,1,1070.0,5,104.0,1,113.0,Medium
3,4,2,226.0,20,21.0,0,371.0,High
3,2,1,3073.0,0,163.0,0,304.0,High
8,3,1,939.0,25,501.0,1,68.0,High
4,5,1,705.0,40,343.0,0,110.0,Low
1,5,1,1337.0,0,218.0,1,276.0,Low
1,2,2,1044.0,15,232.0,0,478.0,Medium
7,5,2,2242.0,5,569.0,1,363.0,Low
5,4,1,1319.0,40,555.0,0,218.0,High
1,2,1,811.0,15,483.0,0,477.0,Medium
2,3,1,630.0,0,69.0,0,47.0,High
7,1,2,350.0,10,172.0,0,254.0,High
4,4,1,2210.0,5,395.0,1,34.0,Low
7,5,1,1529.0,20,84.0,0,297.0,Low
6,2,1,5986.0,0,138.0,1,149.0,Medium
5,3,1,1014.0,30,468.0,0,468.0,Medium
8,2,2,1956.0,0,561.0,0,118.0,Low
3,3,2,1342.0,20,408.0,1,403.0,Medium
2,2,1,1213.0,30,241.0,1,311.0,Medium
2,3,1,484.0,20,357.0,0,474.0,High
7,4,2,895.0,20,152.0,1,203.0,Medium
3,5,2,5124.0,25,403.0,1,67.0,Low
6,4,2,1773.0,10,177.0,0,234.0,Medium
4,5,2,1427.0,10,141.0,0,95.0,Low
6,2,2,2314.0,10,170.0,0,335.0,Medium
6,1,1,1410.0,15,54.0,1,448.0,High
5,2,1,371.0,0,392.0,0,439.0,Low
6,3,1,1308.0,0,462.0,0,286.0,Low
1,3,2,1519.0,0,318.0,0,202.0,Low
4,5,2,564.0,0,98.0,0,369.0,Low
8,4,1,1187.0,15,240.0,0,71.0,Low
8,4,2,2109.0,10,375.0,1,347.0,Medium
4,2,1,1412.0,0,407.0,1,279.0,High
4,1,2,1788.0,0,322.0,1,429.0,Low
4,1,1,1620.0,20,182.0,0,372.0,Medium
1,3,1,646.0,40,289.0,0,492.0,Medium
1,4,1,1544.0,10,443.0,0,465.0,High
2,5,2,2717.0,25,181.0,0,265.0,Low
6,3,1,568.0,15,100.0,1,184.0,Medium
8,4,1,1873.0,30,509.0,0,361.0,Low
2,2,1,492.0,30,71.0,1,439.0,Medium
4,4,2,3432.0,5,304.0,0,10.0,Low
7,2,1,3343.0,40,28.0,1,369.0,High
3,3,2,4435.0,25,536.0,0,251.0,Low
7,1,1,760.0,5,344.0,1,307.0,High
7,1,1,2565.0,30,568.0,1,12.0,High
7,1,1,1059.0,10,165.0,1,227.0,High
6,4,1,3926.0,25,483.0,1,350.0,Medium
1,1,1,3538.0,5,232.0,0,164.0,High
2,5,1,400.0,25,246.0,0,13.0,Low
6,3,1,2702.0,0,345.0,0,326.0,Low
6,2,2,2254.0,40,183.0,1,54.0,Medium
7,1,1,2599.0,5,548.0,0,340.0,High
4,2,1,4648.0,10,126.0,1,147.0,High
8,4,2,3423.0,25,552.0,0,369.0,Low
1,3,1,1854.0,0,106.0,0,138.0,Low
1,4,1,1204.0,5,130.0,0,448.0,High
1,4,1,4750.0,5,418.0,0,17.0,Medium
4,2,1,817.0,40,57.0,0,261.0,High
3,4,2,2414.0,0,137.0,0,381.0,High
1,1,2,678.0,30,63.0,1,224.0,High
1,5,1,2702.0,0,78.0,0,333.0,Low
6,4,1,1046.0,5,306.0,1,318.0,Medium
5,2,1,1107.0,5,503.0,1,193.0,Low
1,3,1,3118.0,0,270.0,0,380.0,Low
5,1,1,2342.0,30,552.0,0,34.0,High
5,4,2,4893.0,40,546.0,0,311.0,Medium
8,1,1,679.0,30,64.0,0,435.0,Medium
4,1,2,668.0,5,314.0,0,183.0,Low
6,4,1,2068.0,10,355.0,1,424.0,Medium
8,4,1,5597.0,10,400.0,1,83.0,Low
3,4,1,3176.0,20,165.0,0,114.0,Medium
1,1,1,1520.0,40,366.0,0,294.0,High
1,4,1,2083.0,0,232.0,1,152.0,High
8,2,1,363.0,0,574.0,1,297.0,Medium
5,3,2,1565.0,10,146.0,0,396.0,Low
1,2,1,1554.0,0,59.0,0,53.0,Medium
7,2,1,1059.0,20,79.0,0,189.0,Medium
2,3,1,1102.0,25,54.0,0,346.0,High
5,2,1,1798.0,5,571.0,0,408.0,Low
5,5,1,911.0,10,294.0,1,277.0,Low
2,4,2,3208.0,30,249.0,0,170.0,Low
1,3,2,925.0,20,194.0,1,61.0,Low
1,5,2,696.0,25,580.0,0,223.0,Low
6,2,1,1911.0,15,573.0,0,383.0,Medium
8,5,1,2268.0,30,70.0,1,302.0,Low
1,2,2,1494.0,25,423.0,0,90.0,Low
3,1,1,2136.0,10,462.0,1,416.0,High
7,3,1,1484.0,20,198.0,0,357.0,Low
1,3,2,1215.0,0,413.0,0,408.0,Low
6,2,2,3058.0,10,217.0,1,234.0,Medium
8,5,1,1126.0,40,99.0,1,445.0,Low
2,5,1,990.0,30,215.0,1,361.0,Low
1,5,1,1280.0,20,568.0,0,226.0,Low
1,1,2,710.0,25,202.0,0,223.0,High
8,1,1,877.0,40,116.0,0,131.0,Medium
2,2,2,759.0,30,75.0,1,492.0,Low
5,5,2,445.0,0,100.0,0,337.0,Low
8,3,2,2295.0,40,142.0,0,319.0,High
7,2,2,1374.0,20,353.0,1,267.0,Medium
7,1,2,1017.0,5,297.0,0,455.0,High
7,2,1,2517.0,15,330.0,0,300.0,Medium
1,2,1,2041.0,25,62.0,1,90.0,Medium
2,3,2,1141.0,0,190.0,1,231.0,High
3,5,2,2979.0,40,39.0,1,472.0,Low
8,1,1,1036.0,30,534.0,0,89.0,Medium
1,1,1,1966.0,10,336.0,0,277.0,High
3,3,2,2043.0,15,508.0,0,362.0,Medium
5,4,1,1074.0,5,193.0,0,90.0,Medium
8,2,1,2214.0,30,35.0,1,428.0,High
3,3,1,2664.0,20,438.0,1,427.0,Medium
8,5,2,1466.0,40,557.0,0,154.0,Low
6,2,2,1124.0,40,439.0,0,452.0,Medium
4,5,2,2529.0,20,376.0,1,477.0,Low
3,2,1,1257.0,5,554.0,1,201.0,High
1,1,1,1098.0,30,312.0,0,372.0,High
8,4,1,789.0,5,477.0,0,302.0,Low
3,2,2,1836.0,30,471.0,0,50.0,High
8,1,2,2174.0,25,532.0,1,329.0,Medium
4,4,2,1446.0,20,318.0,1,386.0,Low
1,4,1,458.0,15,359.0,1,137.0,High
1,2,2,2260.0,25,534.0,1,118.0,Medium
3,2,1,2348.0,15,98.0,0,436.0,High
8,3,2,1223.0,40,26.0,0,401.0,High
5,5,1,1237.0,0,545.0,1,181.0,Low
5,5,2,2984.0,25,164.0,1,390.0,Low
5,5,1,1564.0,30,68.0,1,94.0,Low
6,5,1,3140.0,0,79.0,0,61.0,Low
7,5,2,3299.0,20,439.0,0,248.0,Low
2,2,1,469.0,25,70.0,1,192.0,Medium
5,4,1,3518.0,30,581.0,0,153.0,Medium
3,2,1,1188.0,15,204.0,0,65.0,High
1,1,1,1509.0,0,302.0,1,233.0,High
3,1,2,909.0,0,230.0,1,415.0,High
2,5,1,304.0,25,80.0,0,456.0,Low
8,4,2,2335.0,30,412.0,1,490.0,Medium
5,2,1,2477.0,20,58.0,0,464.0,Medium
6,2,2,1820.0,40,124.0,1,130.0,High
7,1,1,1585.0,10,330.0,1,408.0,High
1,2,1,2028.0,40,314.0,0,17.0,Medium
6,5,1,857.0,25,40.0,0,42.0,Low
1,5,2,680.0,10,440.0,1,255.0,Low
3,5,1,604.0,40,378.0,1,456.0,Low
8,3,2,1728.0,5,444.0,0,472.0,High
6,5,1,540.0,5,37.0,0,439.0,Low
8,5,1,752.0,30,74.0,1,21.0,Low
5,5,1,1117.0,0,209.0,1,330.0,Low
4,3,1,782.0,0,530.0,0,10.0,Medium
2,5,1,1323.0,30,71.0,0,405.0,Low
2,5,1,2402.0,10,484.0,1,164.0,Low
5,2,2,2773.0,25,469.0,0,429.0,Low
8,4,2,2415.0,10,31.0,1,377.0,Medium
3,1,2,2717.0,0,199.0,1,322.0,Medium
3,1,1,1599.0,20,50.0,0,103.0,Medium
1,3,2,3995.0,30,491.0,1,148.0,Medium
8,2,1,345.0,5,503.0,0,330.0,Medium
7,4,2,1575.0,40,65.0,1,139.0,Medium
5,4,2,934.0,10,599.0,0,202.0,Medium
3,3,1,2129.0,5,64.0,1,353.0,Medium
8,4,2,2156.0,25,514.0,0,269.0,Medium
8,1,2,1150.0,15,392.0,0,262.0,Low
3,1,2,1210.0,5,192.0,0,416.0,Medium
1,5,2,8929.0,40,302.0,0,495.0,Low
2,1,1,487.0,20,371.0,0,230.0,Medium
4,2,1,3562.0,25,175.0,0,199.0,High
5,1,2,702.0,5,587.0,1,46.0,High
8,5,1,1498.0,0,153.0,1,175.0,Low
2,4,2,2517.0,5,438.0,0,28.0,Low
1,4,1,1390.0,0,190.0,0,222.0,Medium
7,2,1,6914.0,5,538.0,0,296.0,Medium
8,2,1,3761.0,25,324.0,0,116.0,Medium
7,3,2,1417.0,20,142.0,0,409.0,Low
1,3,2,475.0,20,247.0,0,68.0,Low
6,4,2,4385.0,30,540.0,1,312.0,Medium
4,4,1,1446.0,0,309.0,0,108.0,Low
8,5,1,3307.0,5,373.0,1,242.0,Low
7,2,1,2315.0,10,340.0,1,219.0,Low
7,4,1,1049.0,25,205.0,1,122.0,Medium
3,3,2,1496.0,5,588.0,0,85.0,Low
4,5,1,195.0,30,307.0,0,367.0,Low
2,4,2,1241.0,40,577.0,1,428.0,Low
8,2,1,1108.0,15,415.0,0,443.0,Medium
4,2,1,271.0,5,166.0,1,355.0,High
5,2,2,805.0,25,68.0,1,221.0,Medium
4,3,1,634.0,0,553.0,1,369.0,Medium
5,5,2,3234.0,5,177.0,0,375.0,Low
7,1,1,3520.0,30,471.0,0,71.0,High
3,5,1,1802.0,5,216.0,1,478.0,Low
8,2,1,1139.0,0,335.0,0,354.0,Medium
4,1,1,576.0,30,519.0,1,226.0,Medium
4,4,2,948.0,0,504.0,0,476.0,Low
5,3,2,1318.0,30,509.0,0,494.0,Medium
7,4,1,549.0,10,107.0,0,432.0,Medium
4,4,1,872.0,20,47.0,1,324.0,Medium
2,5,2,1954.0,40,135.0,1,150.0,Low
5,1,1,1188.0,10,199.0,1,351.0,High
4,2,2,2320.0,20,214.0,1,52.0,High
5,2,1,1186.0,0,299.0,1,194.0,Low
3,1,2,2442.0,15,97.0,1,155.0,Medium
7,2,1,1086.0,20,581.0,1,460.0,High
5,3,1,2687.0,15,142.0,1,422.0,Low
8,5,2,1080.0,10,151.0,0,298.0,Low
1,2,1,4570.0,20,466.0,1,350.0,Medium
4,1,1,2415.0,0,64.0,0,160.0,Low
2,4,2,2261.0,5,204.0,1,291.0,Low
5,4,1,456.0,20,425.0,0,473.0,High
8,2,1,1925.0,10,216.0,0,386.0,Medium
6,4,1,1207.0,20,554.0,0,54.0,Medium
4,3,1,4158.0,10,191.0,1,480.0,High
8,2,2,440.0,0,122.0,0,174.0,Medium
7,2,1,6007.0,15,313.0,0,20.0,Medium
6,4,1,1245.0,25,29.0,0,243.0,Medium
3,1,1,967.0,20,184.0,1,74.0,Medium
5,2,1,1212.0,20,494.0,1,124.0,Medium
4,5,1,1361.0,30,428.0,0,403.0,Low
6,1,1,1841.0,10,579.0,0,240.0,Medium
4,3,1,2667.0,5,30.0,0,399.0,Medium
7,2,2,951.0,0,555.0,0,193.0,Low
8,3,1,1291.0,10,309.0,0,491.0,High
2,4,2,2809.0,5,188.0,1,453.0,Low
5,3,2,2858.0,15,201.0,1,306.0,Medium
6,2,1,2443.0,5,38.0,0,403.0,Medium
1,3,2,2009.0,0,407.0,0,180.0,Low
6,3,2,1703.0,0,,0,481.0,Low
2,1,1,1867.0,5,93.0,0,332.0,Medium
8,1,1,1169.0,40,341.0,1,380.0,Medium
5,2,2,1283.0,20,488.0,1,270.0,Low
3,3,1,5147.0,25,185.0,1,166.0,Medium
8,4,2,742.0,5,29.0,1,306.0,Medium
8,5,2,1955.0,15,437.0,1,268.0,Low
5,3,2,1174.0,20,550.0,0,437.0,Low
7,1,1,1122.0,0,203.0,1,391.0,High
7,5,1,588.0,5,205.0,1,358.0,Low
6,4,1,1107.0,20,279.0,1,216.0,Medium
4,5,2,1137.0,5,538.0,1,28.0,Low
4,4,2,2012.0,25,178.0,0,93.0,Low
1,4,1,1442.0,20,338.0,0,109.0,High
6,5,2,1871.0,40,113.0,0,146.0,Low
7,3,2,1800.0,5,594.0,1,104.0,Low
1,3,2,307.0,30,378.0,0,383.0,Medium
1,4,1,4541.0,10,599.0,1,340.0,High
8,4,1,936.0,15,123.0,0,40.0,Low
8,5,2,409.0,30,190.0,0,192.0,Low
2,2,2,360.0,40,54.0,1,77.0,Low
5,1,2,708.0,5,492.0,0,196.0,Medium
5,4,1,7079.0,15,38.0,1,112.0,High
4,5,1,1422.0,15,215.0,1,103.0,Low
3,3,1,2486.0,0,509.0,1,406.0,Medium
7,2,2,2519.0,0,396.0,0,101.0,Low
1,4,2,1861.0,10,395.0,0,339.0,High
3,2,2,589.0,30,257.0,0,235.0,High
5,2,1,1163.0,0,381.0,1,87.0,Low
8,1,1,619.0,15,129.0,0,392.0,Low
2,2,1,2115.0,15,302.0,1,344.0,Low
1,1,1,2271.0,30,567.0,0,215.0,High
1,5,1,1184.0,10,282.0,0,164.0,Low
3,4,2,1431.0,25,164.0,0,247.0,High
2,2,2,1083.0,0,256.0,0,228.0,Low
5,5,2,3378.0,30,150.0,0,119.0,Low
1,3,2,2474.0,25,110.0,0,489.0,Low
8,5,1,992.0,40,485.0,0,107.0,Low
5,1,2,1509.0,25,174.0,0,256.0,High
7,5,2,893.0,20,388.0,1,32.0,Low
4,5,1,1644.0,25,562.0,1,333.0,Low
2,4,1,862.0,40,437.0,1,462.0,Medium
4,3,1,549.0,25,312.0,1,220.0,High
6,4,1,654.0,25,375.0,1,366.0,High
5,5,2,2221.0,5,426.0,0,165.0,Low
4,3,2,1369.0,20,118.0,0,416.0,Medium
5,5,1,2046.0,20,581.0,1,340.0,Low
6,4,2,826.0,0,150.0,0,165.0,Medium
5,4,1,1132.0,5,463.0,0,308.0,Medium
2,4,2,2214.0,0,284.0,0,424.0,Low
8,5,1,4266.0,20,479.0,1,310.0,Low
1,5,1,1650.0,25,556.0,0,199.0,Low
3,4,1,803.0,15,107.0,1,136.0,High
6,2,2,1028.0,25,561.0,0,440.0,Medium
1,5,2,329.0,0,235.0,0,251.0,Low
6,1,1,3625.0,10,364.0,0,462.0,Medium
3,2,1,914.0,5,477.0,0,234.0,High
8,1,1,1545.0,40,290.0,0,299.0,Medium
6,3,2,1343.0,0,333.0,0,437.0,Low
4,1,1,687.0,25,412.0,0,362.0,Medium
1,3,1,623.0,25,256.0,0,207.0,Medium
2,4,2,1819.0,10,430.0,1,460.0,Low
8,4,1,1940.0,25,490.0,1,13.0,Low
4,2,2,669.0,5,371.0,0,330.0,High
1,2,2,2261.0,40,490.0,0,335.0,Medium
3,1,1,563.0,5,573.0,1,82.0,Medium
7,5,2,863.0,20,524.0,0,480.0,Low
7,4,1,831.0,15,382.0,0,75.0,Medium
2,4,1,514.0,10,170.0,1,42.0,Low
4,4,1,3646.0,0,139.0,0,316.0,Low
4,5,1,982.0,10,72.0,0,436.0,Low
8,5,1,1412.0,30,160.0,1,317.0,Low
7,3,1,1523.0,25,409.0,0,319.0,Low
4,5,1,1097.0,40,492.0,0,340.0,Low
7,1,1,1828.0,15,264.0,0,407.0,High
7,2,2,1685.0,5,70.0,0,441.0,Medium
1,4,1,1077.0,20,233.0,1,373.0,High
2,2,2,2006.0,0,282.0,1,267.0,Low
4,4,1,2347.0,0,69.0,0,318.0,Low
8,4,2,2872.0,5,255.0,1,178.0,Low
7,3,1,1407.0,30,310.0,0,298.0,Low
2,2,1,1310.0,15,334.0,0,142.0,Low
3,2,1,1044.0,20,58.0,0,98.0,High
7,3,1,1975.0,30,175.0,0,342.0,Low
5,4,2,1657.0,30,100.0,1,116.0,High
4,3,1,1436.0,0,35.0,0,127.0,Medium
3,3,2,1401.0,25,87.0,1,246.0,Medium
8,4,1,771.0,5,458.0,0,382.0,Low
6,2,1,621.0,30,523.0,1,118.0,Medium
3,3,2,1743.0,10,403.0,0,153.0,Low
6,2,1,1330.0,30,532.0,0,468.0,High
6,4,1,2485.0,0,293.0,0,91.0,Low
6,1,1,1015.0,0,537.0,0,252.0,Medium
3,3,1,2056.0,20,42.0,1,198.0,Medium
1,2,2,757.0,40,408.0,0,172.0,Medium
7,5,2,3344.0,10,177.0,0,185.0,Low
7,4,2,894.0,5,377.0,0,27.0,Low
2,1,2,3267.0,25,78.0,1,81.0,Medium
7,5,1,3089.0,20,382.0,0,126.0,Low
2,3,2,2049.0,5,172.0,1,449.0,High
5,3,1,1305.0,20,350.0,0,360.0,Medium
8,2,2,2966.0,30,204.0,1,394.0,High
5,2,1,1266.0,30,564.0,0,18.0,Medium
7,4,1,1258.0,30,207.0,1,105.0,Medium
2,1,1,1765.0,15,188.0,0,343.0,Medium
1,2,1,581.0,25,541.0,1,305.0,Medium
5,3,1,462.0,30,522.0,0,27.0,Low
8,2,1,1088.0,15,187.0,0,207.0,Medium
6,1,1,2391.0,10,445.0,0,114.0,Medium
2,4,1,2350.0,25,274.0,1,444.0,Medium
1,3,2,6434.0,40,28.0,1,150.0,Low
2,1,2,4360.0,20,361.0,1,120.0,Medium
7,4,1,3206.0,30,234.0,0,351.0,Medium
4,3,1,1587.0,10,99.0,1,451.0,High
6,2,1,553.0,30,24.0,0,227.0,Medium
1,1,1,2755.0,15,306.0,0,197.0,High
1,4,1,6948.0,0,241.0,0,80.0,Medium
4,4,2,1748.0,0,62.0,1,348.0,Low
2,5,2,3397.0,25,221.0,1,444.0,Low
7,4,1,507.0,5,426.0,0,119.0,Medium
2,2,2,2341.0,40,328.0,0,251.0,Low
4,5,1,3083.0,20,286.0,0,321.0,Low
8,4,1,2658.0,30,459.0,1,94.0,Medium
3,3,1,4648.0,5,200.0,1,473.0,Medium
8,2,2,793.0,20,522.0,0,395.0,Medium
2,5,1,2698.0,10,298.0,0,139.0,Low
4,1,2,4573.0,0,333.0,0,124.0,Low
8,1,2,1851.0,25,200.0,0,484.0,Low
2,4,2,3093.0,15,83.0,1,258.0,Low
6,5,1,3626.0,30,299.0,0,287.0,Low
4,4,2,870.0,20,591.0,0,499.0,Low
3,2,1,521.0,10,264.0,1,262.0,High
4,4,1,1679.0,30,137.0,1,232.0,Medium
7,4,1,967.0,20,230.0,0,455.0,Medium
8,4,1,1023.0,30,301.0,1,284.0,Medium
1,4,2,624.0,0,349.0,0,406.0,Medium
3,5,2,850.0,5,139.0,0,416.0,Low
2,4,2,1194.0,0,28.0,1,416.0,Low
4,4,1,728.0,10,459.0,1,224.0,Low
6,5,1,237.0,20,357.0,0,175.0,Low
8,2,2,1871.0,10,167.0,1,123.0,Medium
3,1,2,4541.0,20,183.0,1,478.0,High
5,2,1,1984.0,30,367.0,1,444.0,Medium
7,2,1,4894.0,5,85.0,1,237.0,Medium
2,5,2,1336.0,0,378.0,0,35.0,Low
8,3,1,1511.0,15,581.0,1,235.0,High
6,4,2,3014.0,0,405.0,0,168.0,Medium
2,3,2,1713.0,0,236.0,1,476.0,High
8,3,1,2291.0,25,159.0,0,194.0,High
4,4,2,4054.0,15,390.0,1,443.0,Low
1,3,1,362.0,15,181.0,0,324.0,Medium
4,5,1,787.0,10,254.0,1,162.0,Low
4,3,2,4027.0,40,236.0,0,62.0,Medium
7,1,1,3306.0,5,105.0,1,362.0,High
4,4,1,365.0,0,176.0,0,402.0,Low
2,5,2,3089.0,20,109.0,0,,Low
5,2,2,2195.0,40,408.0,0,497.0,Medium
5,3,1,1793.0,30,342.0,1,114.0,Medium
8,3,1,804.0,25,421.0,0,231.0,High
3,3,1,1998.0,0,429.0,0,281.0,Low
7,3,2,2953.0,10,294.0,0,85.0,Low
5,1,1,2231.0,5,406.0,1,170.0,High
8,4,2,1316.0,10,173.0,0,428.0,Medium
4,4,1,636.0,5,524.0,1,164.0,Low
4,3,1,1283.0,0,328.0,1,388.0,Medium
7,3,1,674.0,40,135.0,1,443.0,Medium
3,2,1,1613.0,10,274.0,0,407.0,High
6,1,1,1399.0,30,,0,404.0,High
3,3,2,3314.0,5,70.0,1,164.0,Low
3,4,1,2714.0,10,389.0,1,222.0,High
5,4,2,4191.0,15,503.0,0,192.0,Medium
4,5,1,650.0,30,325.0,1,426.0,Low
6,1,1,2089.0,20,475.0,1,462.0,High
7,4,2,593.0,10,422.0,0,238.0,Medium
4,4,2,1721.0,30,466.0,1,38.0,Low
7,2,1,2689.0,25,109.0,1,149.0,Medium
8,5,1,1821.0,25,91.0,0,395.0,Low
1,3,1,1758.0,40,562.0,0,161.0,Medium
1,2,2,2442.0,5,34.0,0,135.0,Low
5,2,2,1494.0,40,293.0,1,82.0,Medium
4,3,2,2757.0,0,122.0,1,472.0,Medium
5,4,1,1255.0,20,139.0,0,225.0,Medium
5,4,1,1151.0,25,514.0,0,224.0,High
6,5,1,1462.0,10,56.0,0,202.0,Low
7,5,2,880.0,0,218.0,0,460.0,Low
5,5,1,1748.0,0,528.0,1,264.0,Low
5,4,2,1237.0,10,459.0,0,324.0,Medium
4,4,1,2765.0,30,105.0,0,148.0,Low
2,2,1,1513.0,10,389.0,0,472.0,Low
3,5,1,1286.0,20,363.0,1,370.0,Low
6,4,1,1113.0,15,422.0,1,266.0,Medium
8,3,1,498.0,25,558.0,0,317.0,High
2,1,2,2746.0,10,153.0,1,426.0,Medium
7,4,1,3553.0,5,74.0,0,195.0,Low
7,1,1,1767.0,15,449.0,0,40.0,High
4,2,1,2253.0,15,416.0,1,379.0,High
7,4,1,2243.0,30,34.0,0,123.0,Medium
8,3,1,1783.0,5,202.0,0,185.0,High
5,4,2,5007.0,15,424.0,1,71.0,Medium
4,3,1,992.0,15,218.0,1,60.0,Medium
2,1,2,1428.0,5,40.0,1,394.0,Medium
5,2,1,1518.0,0,42.0,0,146.0,Low
6,2,1,988.0,25,203.0,1,437.0,High
3,5,1,157.0,10,472.0,0,425.0,Low
8,5,1,1727.0,25,510.0,1,99.0,Low
2,3,1,2985.0,25,371.0,1,367.0,High
1,1,1,2177.0,40,410.0,1,160.0,High
8,5,2,727.0,25,264.0,0,12.0,Low
8,2,2,4481.0,40,239.0,0,226.0,Medium
6,4,2,2980.0,25,412.0,0,426.0,Medium
2,4,1,1635.0,20,339.0,1,159.0,Low
7,5,1,1094.0,15,69.0,0,56.0,Low
5,1,1,1702.0,20,536.0,1,309.0,High
6,4,1,1038.0,5,189.0,0,163.0,Medium
8,5,2,2690.0,20,72.0,0,128.0,Low
6,1,1,1852.0,5,463.0,1,395.0,High
7,2,1,2387.0,15,190.0,0,405.0,Medium
3,4,2,829.0,20,84.0,0,177.0,High
3,4,2,3714.0,30,595.0,1,430.0,High
8,5,1,3129.0,20,365.0,1,490.0,Low
3,2,1,875.0,5,323.0,0,409.0,High
2,1,1,827.0,10,290.0,0,77.0,Medium
5,4,1,1633.0,0,374.0,1,284.0,Medium
5,3,1,1947.0,20,311.0,0,357.0,Low
2,4,2,328.0,20,131.0,1,224.0,Low
1,5,1,732.0,40,105.0,1,341.0,Low
8,1,2,1696.0,20,57.0,0,93.0,Low
8,3,1,2624.0,10,567.0,0,94.0,High
2,4,1,1213.0,30,548.0,0,425.0,Low
7,1,1,3178.0,20,35.0,1,306.0,High
3,3,2,2875.0,25,83.0,1,158.0,Medium
2,2,1,1768.0,5,169.0,0,465.0,Low
7,3,2,3065.0,0,57.0,0,200.0,Low
4,4,1,1290.0,5,32.0,1,175.0,Low
5,2,2,984.0,25,520.0,0,309.0,Low
4,1,1,1058.0,25,250.0,1,123.0,Medium
5,5,2,2346.0,25,368.0,0,29.0,Low
7,5,2,3754.0,15,135.0,1,244.0,Low
7,4,2,1833.0,10,354.0,0,229.0,Low
8,5,1,520.0,25,373.0,0,155.0,Low
2,1,2,3143.0,10,599.0,1,370.0,Medium
2,1,2,1742.0,25,332.0,1,246.0,Medium
4,1,1,1027.0,20,351.0,0,476.0,Medium
1,2,1,665.0,15,272.0,0,236.0,Medium
8,2,1,1645.0,0,90.0,1,321.0,Medium
4,3,1,394.0,20,333.0,1,286.0,High
3,3,1,1834.0,20,276.0,1,483.0,Medium
1,4,2,2358.0,15,142.0,1,273.0,High
7,2,2,1267.0,30,172.0,1,380.0,High
3,3,1,2404.0,5,249.0,0,121.0,Medium
1,3,1,2440.0,40,175.0,1,101.0,Medium
8,3,2,3756.0,30,220.0,1,92.0,High
5,1,1,1815.0,40,20.0,0,190.0,High
4,1,2,3765.0,5,339.0,0,36.0,Low
5,4,1,1204.0,40,162.0,0,360.0,High
4,4,1,1108.0,30,221.0,1,207.0,Low
1,5,1,1387.0,5,579.0,1,290.0,Low
5,4,1,2347.0,0,349.0,0,241.0,Medium
6,3,2,564.0,40,150.0,1,122.0,Medium
2,5,1,646.0,40,305.0,1,126.0,Low
3,4,1,5495.0,40,556.0,0,126.0,High
8,5,1,945.0,10,361.0,0,376.0,Low
3,2,1,2188.0,40,560.0,1,381.0,High
1,3,1,849.0,0,246.0,0,326.0,Low
3,5,1,613.0,5,290.0,0,107.0,Low
3,1,1,1662.0,30,301.0,0,331.0,High
2,2,1,1938.0,5,440.0,0,347.0,Low
3,2,1,2674.0,30,153.0,0,228.0,High
7,1,1,1336.0,30,393.0,0,59.0,High
5,2,1,2196.0,25,483.0,1,82.0,Medium
8,1,2,1418.0,15,,1,404.0,Low
1,2,2,2974.0,30,89.0,0,428.0,Low
7,1,2,2853.0,20,261.0,0,433.0,High
5,3,1,3487.0,0,585.0,1,419.0,Low
8,1,1,2414.0,25,583.0,1,452.0,Medium
8,5,2,3819.0,0,244.0,0,62.0,Low
2,1,1,1851.0,25,536.0,0,446.0,High
3,5,1,2630.0,5,597.0,1,376.0,Low
8,1,1,2664.0,5,38.0,1,273.0,Low
4,3,1,1057.0,0,256.0,1,79.0,Medium
6,4,1,523.0,0,577.0,0,193.0,Medium
8,2,1,3097.0,0,293.0,1,474.0,Medium
1,2,2,2503.0,15,201.0,0,365.0,Medium
2,2,1,1139.0,20,526.0,1,372.0,Medium
2,4,2,3747.0,20,542.0,1,237.0,Low
6,1,1,2696.0,30,74.0,1,416.0,High
2,2,1,1371.0,0,123.0,0,267.0,Low
5,5,2,1395.0,40,559.0,0,349.0,Low
3,4,1,3343.0,0,487.0,0,243.0,Medium
5,1,1,1650.0,20,412.0,1,226.0,High
1,2,1,1905.0,15,412.0,1,97.0,Medium
5,5,2,736.0,0,362.0,1,429.0,Low
2,1,2,3532.0,5,316.0,0,85.0,Low
2,4,1,3277.0,30,180.0,0,271.0,Medium
6,3,2,678.0,40,576.0,1,260.0,Medium
6,1,2,1626.0,25,119.0,0,404.0,Medium
7,2,2,2605.0,5,20.0,1,219.0,Medium
5,2,2,1133.0,10,486.0,0,476.0,Low
2,3,2,2344.0,0,26.0,0,280.0,High
6,3,2,379.0,10,329.0,1,298.0,Low
6,2,2,3331.0,25,202.0,0,55.0,Medium
7,2,1,2561.0,0,127.0,0,220.0,Medium
2,4,2,5965.0,40,134.0,1,243.0,Low
2,1,2,2848.0,40,432.0,1,125.0,Medium
1,1,1,3284.0,25,551.0,0,187.0,High
3,4,1,2164.0,0,186.0,0,103.0,Medium
1,4,1,718.0,25,134.0,1,46.0,High
3,4,2,2355.0,0,190.0,1,289.0,High
3,2,1,2049.0,30,83.0,1,70.0,High
6,2,2,2074.0,15,270.0,1,146.0,Medium
1,4,2,442.0,15,548.0,0,202.0,Medium
8,3,1,1076.0,5,41.0,1,219.0,High
4,5,2,2475.0,15,199.0,1,78.0,Low
8,1,1,1416.0,5,181.0,1,440.0,Medium
1,2,1,2248.0,30,35.0,1,220.0,Medium
2,3,1,2584.0,5,131.0,0,187.0,High
4,3,1,1102.0,0,463.0,1,51.0,Medium
5,4,1,1150.0,20,414.0,0,235.0,Medium
7,3,2,1556.0,5,557.0,0,51.0,Low
2,4,2,3223.0,30,184.0,1,255.0,Medium
4,4,2,1923.0,5,581.0,0,90.0,Low
2,2,2,1273.0,20,554.0,1,93.0,Low
2,5,2,485.0,10,502.0,1,472.0,Low
3,1,1,543.0,0,392.0,1,279.0,Medium
8,4,2,2366.0,0,516.0,1,153.0,Low
3,1,1,653.0,15,497.0,1,335.0,High
8,1,1,1419.0,15,142.0,0,83.0,Low
1,4,1,1569.0,10,258.0,0,405.0,High
5,1,1,2065.0,20,570.0,1,334.0,High
2,2,2,995.0,30,385.0,0,334.0,Low
1,4,1,3440.0,25,498.0,1,48.0,High
7,4,2,2464.0,20,529.0,0,423.0,Medium
5,2,1,2285.0,40,485.0,0,342.0,Medium
5,5,1,729.0,15,184.0,1,347.0,Low
2,1,1,3013.0,15,122.0,0,234.0,Medium
5,5,1,1296.0,10,83.0,1,169.0,Low
5,1,2,3596.0,40,360.0,0,85.0,High
2,4,1,1002.0,20,167.0,1,215.0,Low
6,3,1,1364.0,10,531.0,0,84.0,Low
2,4,1,1271.0,15,386.0,0,102.0,Low
2,3,2,576.0,10,65.0,0,484.0,High
3,1,1,1470.0,25,435.0,1,133.0,High
5,1,1,400.0,5,122.0,1,99.0,High
1,4,1,1150.0,15,441.0,0,203.0,High
5,5,1,1282.0,15,505.0,0,80.0,Low
8,1,2,2976.0,40,195.0,1,33.0,Low
1,1,1,710.0,40,52.0,0,171.0,High
4,4,1,2522.0,10,64.0,0,377.0,Low
1,3,2,1321.0,5,46.0,1,200.0,Low
2,5,1,2544.0,40,85.0,0,323.0,Low
3,1,1,2568.0,20,113.0,1,165.0,Medium
3,5,2,1594.0,0,241.0,0,303.0,Low
4,1,2,1059.0,20,288.0,0,360.0,Low
5,4,1,741.0,15,279.0,0,161.0,Medium
1,1,1,748.0,40,320.0,0,119.0,High
3,1,1,5129.0,15,578.0,1,125.0,Medium
1,3,1,1679.0,15,229.0,1,159.0,Low
8,4,2,1118.0,40,33.0,0,296.0,Medium
2,2,1,1663.0,10,281.0,1,356.0,Medium
2,4,1,585.0,30,570.0,0,429.0,Medium
5,2,1,2379.0,15,34.0,1,86.0,Medium
5,2,2,3045.0,25,99.0,1,379.0,Medium
6,4,1,953.0,10,107.0,1,233.0,Medium
6,4,1,5272.0,10,491.0,0,270.0,Medium
7,3,1,850.0,40,125.0,1,333.0,Medium
4,4,1,654.0,15,217.0,1,27.0,Low
4,2,1,2020.0,5,339.0,1,173.0,High
7,5,2,3824.0,30,164.0,0,457.0,Low
6,5,1,409.0,25,497.0,0,115.0,Low
7,3,1,1397.0,5,335.0,0,349.0,Low
2,4,1,1061.0,0,572.0,1,242.0,Low
3,4,1,628.0,5,151.0,0,439.0,High
8,3,1,1135.0,15,84.0,1,352.0,High
1,2,1,2310.0,40,238.0,0,242.0,Medium
3,4,2,593.0,10,399.0,1,324.0,High
2,5,2,1592.0,0,380.0,0,,Low
1,2,2,2314.0,5,105.0,0,394.0,Medium
3,2,1,3400.0,0,510.0,0,335.0,High
3,5,1,1248.0,40,463.0,0,183.0,Low
1,2,2,420.0,40,92.0,0,387.0,Medium
3,1,1,1447.0,0,547.0,1,300.0,Medium
4,2,2,384.0,40,38.0,1,453.0,High
4,3,1,1699.0,5,205.0,0,425.0,Medium
1,2,2,2423.0,30,23.0,0,337.0,Medium
3,2,1,3709.0,20,537.0,1,32.0,High
8,5,2,603.0,25,589.0,1,405.0,Low
4,2,2,1572.0,10,497.0,1,125.0,High
3,5,2,3026.0,15,413.0,0,54.0,Low
3,3,1,4138.0,10,272.0,1,456.0,Medium
4,2,2,1423.0,15,260.0,1,119.0,High
1,4,1,682.0,25,525.0,0,454.0,High
6,4,1,1628.0,30,430.0,1,455.0,High
7,1,1,3080.0,30,467.0,1,34.0,High
2,1,1,1007.0,40,488.0,1,303.0,High
4,2,1,746.0,20,70.0,0,206.0,High
6,2,2,5007.0,15,551.0,1,82.0,Medium
3,1,1,1543.0,5,222.0,0,434.0,Medium
8,4,2,1724.0,10,127.0,1,429.0,Medium
4,3,1,282.0,5,366.0,1,112.0,High
2,2,1,1485.0,15,90.0,0,144.0,Low
5,1,1,1883.0,15,484.0,0,219.0,High
4,2,2,604.0,15,538.0,0,319.0,High
6,2,1,3274.0,40,573.0,0,222.0,High
6,5,1,1606.0,40,456.0,0,483.0,Medium
4,1,1,833.0,0,356.0,0,342.0,Low
7,4,1,1056.0,40,82.0,0,426.0,High
1,5,1,2386.0,25,32.0,0,419.0,Low
1,4,1,1806.0,40,207.0,0,70.0,High
3,3,1,3089.0,15,301.0,0,144.0,Low
7,2,1,3070.0,0,379.0,1,432.0,Medium
7,3,1,2629.0,10,135.0,1,423.0,Medium
2,1,1,1194.0,0,32.0,1,303.0,Medium
2,4,1,378.0,30,75.0,0,40.0,Low
5,2,2,1642.0,5,56.0,1,133.0,Low
1,3,2,2366.0,0,375.0,0,364.0,Low
5,1,2,2367.0,15,124.0,1,225.0,High
4,4,1,2363.0,40,356.0,0,405.0,Medium
5,5,1,3625.0,5,451.0,0,88.0,Low
8,3,2,3250.0,30,28.0,0,320.0,High
5,5,2,4021.0,5,245.0,0,99.0,Low
4,2,1,1578.0,40,138.0,0,482.0,High
6,3,1,453.0,5,34.0,1,251.0,Low
8,2,2,637.0,25,186.0,0,231.0,Medium
5,2,2,1849.0,25,540.0,1,354.0,Medium
4,4,1,1081.0,5,366.0,1,236.0,Low
8,4,1,3837.0,5,180.0,0,251.0,Low
2,3,1,1959.0,5,179.0,0,331.0,High
6,5,2,1110.0,25,178.0,0,328.0,Low
2,5,2,1462.0,30,532.0,0,55.0,Low
5,2,1,1473.0,15,155.0,1,444.0,Medium
4,5,1,831.0,25,291.0,1,407.0,Low
8,2,2,3446.0,10,306.0,1,106.0,Medium
6,3,1,1410.0,15,386.0,0,186.0,Low
2,5,2,197.0,30,44.0,0,36.0,Low
6,3,2,1681.0,20,45.0,1,174.0,Low
7,1,2,548.0,40,100.0,0,438.0,High
1,5,2,1965.0,5,190.0,0,420.0,Low
1,2,2,834.0,25,412.0,0,83.0,Medium
8,2,1,785.0,10,190.0,0,134.0,Medium
1,3,1,3119.0,30,414.0,0,226.0,Low
4,1,1,809.0,25,225.0,0,43.0,Low
4,1,1,3239.0,20,123.0,0,112.0,Low
3,4,2,1058.0,20,343.0,0,483.0,High
6,4,2,3882.0,15,362.0,0,368.0,Medium
4,5,1,3133.0,40,455.0,0,86.0,Low
8,4,1,1608.0,15,468.0,0,475.0,Medium
2,4,1,2127.0,20,104.0,0,94.0,Low
2,3,1,815.0,10,564.0,0,66.0,High
4,4,2,563.0,15,203.0,1,58.0,Low
2,3,1,6198.0,15,594.0,1,462.0,High
4,1,1,1869.0,15,544.0,1,68.0,Medium
8,1,2,1727.0,5,525.0,0,92.0,Low
3,3,1,2485.0,40,366.0,0,313.0,Medium
2,4,2,788.0,20,254.0,0,315.0,Low
6,1,2,2581.0,10,401.0,0,277.0,Medium
4,5,2,2778.0,20,162.0,1,216.0,Low
7,5,2,3485.0,10,251.0,1,141.0,Low
3,2,1,1560.0,30,33.0,0,272.0,High
4,5,1,1479.0,40,153.0,1,126.0,Low
3,3,1,1953.0,40,63.0,0,45.0,Medium
7,1,2,1962.0,30,273.0,1,367.0,High
3,1,1,457.0,25,270.0,0,216.0,High
3,3,2,4189.0,5,107.0,1,430.0,Medium
5,2,2,3132.0,5,138.0,1,169.0,Low
2,4,2,1762.0,5,512.0,1,128.0,Low
8,1,2,2470.0,40,67.0,0,357.0,Medium
8,1,1,2265.0,40,508.0,0,127.0,Medium
6,5,1,2800.0,20,493.0,1,382.0,Low
3,4,2,887.0,10,77.0,0,390.0,High
8,5,2,3045.0,5,167.0,1,482.0,Low
6,5,1,2621.0,40,313.0,0,440.0,Low
1,2,2,1465.0,30,230.0,0,315.0,Medium
3,2,1,1217.0,30,232.0,1,472.0,High
2,3,1,4400.0,0,296.0,1,404.0,High
6,1,1,1996.0,0,87.0,0,290.0,Medium
4,3,1,1660.0,30,546.0,0,153.0,Medium
8,3,2,2743.0,0,385.0,1,408.0,High
3,5,1,1420.0,0,295.0,0,321.0,Low
1,4,1,2548.0,30,581.0,0,307.0,High
7,2,1,2102.0,5,569.0,0,311.0,Medium
3,3,2,2316.0,30,173.0,1,194.0,Medium
8,1,2,2291.0,5,448.0,0,355.0,Low
6,5,1,2547.0,0,310.0,0,43.0,Low
1,5,1,3716.0,10,228.0,1,139.0,Low
2,1,2,747.0,10,317.0,0,181.0,Medium
4,4,2,1510.0,10,132.0,1,482.0,Low
8,5,1,1254.0,10,524.0,1,28.0,Low
3,4,1,4682.0,40,93.0,0,165.0,High
3,2,1,1189.0,40,301.0,1,479.0,High
1,4,1,2374.0,30,558.0,0,54.0,Medium
3,1,1,2993.0,5,569.0,0,442.0,Medium
8,3,1,660.0,30,122.0,0,495.0,High
3,3,2,1297.0,0,421.0,1,262.0,Medium
7,2,1,2231.0,0,408.0,1,99.0,Medium
6,3,1,1440.0,5,370.0,0,276.0,Low
4,1,1,5325.0,20,369.0,0,419.0,Medium
7,5,1,996.0,20,427.0,0,387.0,Low
6,4,1,3206.0,0,334.0,1,407.0,Medium
5,4,2,4357.0,15,109.0,0,294.0,Medium
8,4,2,430.0,10,537.0,1,123.0,Low
5,3,1,3685.0,30,86.0,1,267.0,Medium
2,4,1,1570.0,25,581.0,0,459.0,Low
1,2,1,241.0,20,425.0,1,446.0,Medium
1,4,2,1687.0,15,209.0,1,498.0,High
1,4,1,2364.0,30,297.0,1,12.0,High
3,2,1,1068.0,30,435.0,0,75.0,High
4,3,1,1526.0,40,491.0,0,332.0,Medium
5,2,1,677.0,5,560.0,0,404.0,Low
4,5,1,1238.0,25,592.0,0,343.0,Low
2,3,2,1394.0,15,381.0,0,255.0,High
1,4,2,1347.0,40,24.0,0,391.0,High
3,2,1,4213.0,15,162.0,0,306.0,High
5,4,1,5700.0,10,264.0,0,195.0,Medium
2,1,2,3949.0,15,197.0,1,250.0,Medium
6,5,1,935.0,0,165.0,1,41.0,Low
7,4,1,1553.0,10,174.0,1,19.0,Medium
7,4,1,986.0,40,226.0,0,107.0,Medium
8,5,1,2367.0,25,420.0,0,186.0,Low
8,4,2,1802.0,0,458.0,1,264.0,Medium
6,3,1,971.0,15,348.0,0,471.0,Medium
1,1,1,1687.0,30,583.0,0,58.0,High
6,5,1,182.0,5,456.0,0,173.0,Low
5,4,1,4283.0,10,218.0,0,97.0,Medium
8,5,1,1742.0,5,412.0,1,321.0,Low
1,3,1,1975.0,30,379.0,0,319.0,Low
4,1,2,927.0,5,553.0,1,136.0,Medium
5,1,1,1816.0,0,159.0,1,226.0,High
1,5,2,3452.0,0,231.0,1,396.0,Low
7,1,2,1307.0,20,127.0,0,145.0,High
2,1,1,3191.0,15,297.0,0,425.0,Medium
7,1,1,3638.0,15,340.0,0,478.0,High
3,4,1,2096.0,40,169.0,0,72.0,High
2,4,2,4348.0,15,468.0,0,126.0,Low
4,2,2,724.0,5,212.0,0,107.0,High
8,2,1,2032.0,0,132.0,1,177.0,Medium
7,1,1,2039.0,40,161.0,0,489.0,High
6,4,1,1201.0,15,223.0,0,367.0,Medium
4,2,1,1447.0,40,120.0,0,356.0,High
6,4,1,3076.0,10,264.0,1,31.0,Medium
4,2,1,1263.0,0,331.0,0,430.0,High
5,5,1,2785.0,40,150.0,1,273.0,Low
4,5,2,768.0,25,240.0,1,414.0,Low
4,5,1,2077.0,25,487.0,1,391.0,Low
4,5,1,2231.0,0,190.0,1,287.0,Low
3,4,1,,20,449.0,0,485.0,High
3,2,1,2655.0,5,561.0,0,169.0,High
6,3,2,1478.0,5,40.0,0,35.0,Low
3,4,2,859.0,30,316.0,1,420.0,High
1,5,1,2532.0,20,278.0,1,452.0,Low
8,4,1,3279.0,5,442.0,0,331.0,Low
3,4,1,3203.0,25,431.0,0,22.0,High
4,3,2,335.0,30,517.0,1,127.0,High
2,4,2,2205.0,5,488.0,1,26.0,Low
5,1,2,2234.0,5,524.0,0,254.0,High
2,1,1,1405.0,5,396.0,0,64.0,Low
4,5,1,1987.0,20,38.0,0,367.0,Low
5,1,1,870.0,40,402.0,1,183.0,High
6,4,1,2301.0,10,289.0,0,201.0,Medium
3,1,1,1028.0,15,311.0,1,23.0,Medium
7,1,1,3031.0,0,460.0,1,251.0,High
4,4,2,2121.0,5,423.0,0,250.0,Low
1,2,1,2796.0,15,153.0,1,489.0,Medium
5,1,2,,40,393.0,1,426.0,High
1,5,2,1334.0,20,298.0,1,251.0,Low
4,2,2,2666.0,30,268.0,0,145.0,High
4,1,1,4659.0,5,378.0,1,140.0,Low
1,5,2,739.0,30,410.0,0,223.0,Low
1,3,1,516.0,20,505.0,1,122.0,Medium
5,2,1,617.0,5,581.0,0,439.0,Low
2,2,1,5646.0,15,312.0,1,262.0,Low
4,3,2,3443.0,20,193.0,0,313.0,Medium
7,1,1,3649.0,5,350.0,0,22.0,High
2,5,1,468.0,40,583.0,0,467.0,Low
4,4,1,2339.0,5,559.0,0,316.0,Low
4,4,1,3689.0,15,520.0,0,181.0,Low
2,5,2,1734.0,20,404.0,0,121.0,Low
1,3,1,2050.0,20,55.0,1,222.0,Low
6,1,2,1601.0,15,312.0,0,63.0,Medium
1,2,1,1531.0,15,508.0,0,21.0,Low
1,2,1,1977.0,15,281.0,0,218.0,Low
7,3,2,599.0,5,83.0,1,105.0,Low
5,5,1,2521.0,25,79.0,0,290.0,Low
4,5,1,2587.0,25,103.0,0,178.0,Low
1,4,2,846.0,15,319.0,1,50.0,Medium
7,1,1,705.0,5,201.0,1,430.0,High
6,1,2,1862.0,20,278.0,0,416.0,Medium
1,2,1,173.0,10,310.0,0,171.0,Medium
1,2,2,1256.0,5,347.0,1,276.0,Medium
7,5,2,716.0,5,453.0,0,55.0,Low
3,4,1,951.0,40,429.0,1,24.0,High
8,3,1,521.0,20,147.0,0,54.0,High
2,5,2,3254.0,5,274.0,0,296.0,Low
2,4,1,2377.0,10,184.0,0,249.0,Low
8,3,1,4151.0,30,581.0,1,271.0,High
4,3,1,1379.0,15,256.0,1,104.0,Medium
5,2,2,3048.0,5,277.0,1,441.0,Low
2,3,2,1053.0,40,172.0,1,252.0,High
4,4,1,1190.0,40,249.0,1,109.0,Low
8,3,1,555.0,0,439.0,1,485.0,High
6,2,2,1543.0,30,234.0,1,489.0,High
3,4,1,4059.0,5,270.0,1,138.0,High
5,1,2,6636.0,10,245.0,0,325.0,High
5,3,1,1926.0,5,355.0,0,282.0,Low
2,1,1,1163.0,30,502.0,0,367.0,Medium
5,2,2,1468.0,10,428.0,0,44.0,Low
5,4,2,2017.0,30,276.0,1,251.0,High
2,5,1,3283.0,30,411.0,0,419.0,Low
8,2,1,7236.0,40,179.0,0,337.0,Medium
7,1,1,3940.0,40,75.0,1,353.0,High
1,5,1,481.0,40,199.0,1,109.0,Low
5,1,2,4678.0,40,102.0,1,206.0,High
1,4,1,1040.0,5,518.0,1,375.0,High
7,4,1,969.0,15,541.0,0,175.0,Low
6,2,2,866.0,40,484.0,1,70.0,High
6,5,1,1730.0,20,149.0,1,230.0,Low
7,1,2,545.0,5,452.0,0,446.0,High
1,1,1,1202.0,30,218.0,0,204.0,High
1,1,1,2008.0,25,71.0,1,104.0,High
8,4,2,3551.0,10,413.0,0,275.0,Low
4,5,2,3151.0,30,207.0,1,124.0,Low
3,5,2,3575.0,5,458.0,1,379.0,Low
8,4,1,496.0,25,64.0,1,265.0,Medium
5,3,2,3803.0,15,353.0,1,263.0,Low
1,4,2,2491.0,25,510.0,1,29.0,High
6,3,2,2847.0,5,408.0,1,74.0,Low
4,2,1,1481.0,30,163.0,0,55.0,High
7,3,2,485.0,30,96.0,1,177.0,Low
5,2,1,3714.0,25,433.0,0,64.0,Medium
7,1,1,1604.0,10,434.0,1,147.0,High
8,2,2,2687.0,15,436.0,0,10.0,Low
2,1,1,2875.0,10,538.0,0,458.0,Medium
6,3,2,3197.0,15,201.0,1,65.0,Low
8,1,1,2091.0,5,115.0,0,358.0,Low
5,5,2,2140.0,0,209.0,0,328.0,Low
7,1,2,583.0,20,535.0,1,20.0,High
4,4,1,3136.0,25,342.0,0,203.0,Low
8,2,2,1664.0,15,471.0,0,417.0,Medium
5,5,1,2668.0,5,61.0,0,146.0,Low
1,3,1,708.0,20,554.0,1,187.0,Medium
7,1,2,375.0,0,424.0,0,152.0,High
6,1,1,729.0,30,388.0,1,104.0,High
2,5,1,1008.0,10,29.0,1,423.0,Low
4,2,1,581.0,40,381.0,0,37.0,High
2,2,2,3082.0,25,511.0,0,100.0,Low
6,5,1,2106.0,15,401.0,0,304.0,Low
3,1,2,2239.0,20,537.0,0,129.0,Medium
5,4,1,1050.0,0,238.0,1,174.0,Medium
7,5,1,2055.0,0,483.0,0,332.0,Low
6,4,2,524.0,25,277.0,0,212.0,Medium
3,4,2,2405.0,5,335.0,0,445.0,Medium
8,5,2,723.0,15,291.0,1,476.0,Low
1,1,2,3550.0,5,240.0,1,232.0,High
7,1,2,947.0,5,557.0,0,17.0,High
2,5,1,2985.0,25,328.0,0,282.0,Low
7,2,1,2389.0,15,167.0,0,182.0,Medium
3,3,1,2818.0,25,117.0,0,106.0,Low
5,3,2,1701.0,25,209.0,1,256.0,Low
6,1,2,1427.0,25,415.0,0,380.0,High
8,2,1,4640.0,20,56.0,0,381.0,Medium
2,2,1,936.0,5,198.0,0,408.0,Low
4,2,1,1664.0,10,452.0,1,344.0,High
2,2,1,1756.0,30,71.0,1,303.0,Medium
4,1,1,1687.0,20,428.0,1,427.0,Medium
1,1,1,2450.0,20,304.0,0,354.0,High
1,2,2,262.0,40,406.0,0,475.0,High
3,4,1,1313.0,15,386.0,0,454.0,High
3,2,1,3297.0,30,587.0,0,433.0,High
8,1,1,1078.0,0,463.0,0,412.0,Low
4,1,1,3253.0,5,391.0,0,167.0,Low
6,1,2,1332.0,40,391.0,0,371.0,High
8,3,2,2055.0,40,572.0,1,241.0,High
7,1,2,1283.0,0,289.0,1,361.0,High
5,2,1,1739.0,25,290.0,1,408.0,Medium
7,1,1,528.0,10,256.0,0,300.0,High
2,3,1,831.0,15,177.0,0,315.0,High
1,2,2,887.0,40,149.0,0,247.0,Medium
2,5,1,479.0,0,361.0,0,245.0,Low
7,3,1,2044.0,5,507.0,1,205.0,Low
7,1,2,1311.0,5,166.0,1,212.0,High
6,5,2,1245.0,20,154.0,0,76.0,Low
2,5,1,3293.0,0,556.0,1,140.0,Low
1,1,1,2722.0,20,590.0,0,116.0,High
8,3,2,,10,63.0,1,371.0,High
3,5,1,2291.0,20,540.0,1,327.0,Low
1,4,1,1605.0,40,356.0,1,341.0,High
6,3,2,5441.0,10,146.0,0,401.0,Low
6,5,1,1423.0,25,439.0,0,352.0,Low
7,4,1,3043.0,30,210.0,1,237.0,Medium
3,1,1,1185.0,25,238.0,0,201.0,High
6,5,2,3224.0,0,551.0,0,336.0,Low
3,2,1,1287.0,15,149.0,0,436.0,High
2,3,2,3980.0,0,460.0,1,143.0,High
3,4,1,1557.0,15,243.0,1,190.0,High
6,4,2,3667.0,15,168.0,1,405.0,Medium
4,4,1,2856.0,0,275.0,0,143.0,Low
4,5,2,746.0,40,147.0,0,173.0,Low
5,3,1,975.0,20,569.0,0,42.0,Low
8,4,1,2035.0,0,513.0,1,485.0,Medium
1,5,2,2347.0,0,245.0,1,246.0,Low
2,4,2,802.0,25,418.0,0,107.0,Low
7,2,1,307.0,10,500.0,0,456.0,Medium
4,2,1,760.0,40,422.0,0,306.0,High
5,4,1,3305.0,0,137.0,1,250.0,Medium
2,2,2,1311.0,10,442.0,1,203.0,Low
1,3,1,1797.0,0,152.0,1,53.0,Low
4,3,1,475.0,10,496.0,0,171.0,Medium
5,2,1,2059.0,0,111.0,0,361.0,Low
4,2,2,1726.0,10,583.0,1,23.0,High
6,3,1,381.0,25,571.0,0,108.0,Low
5,5,1,1749.0,15,340.0,1,85.0,Low
8,1,2,933.0,20,534.0,0,280.0,Low
5,1,2,900.0,15,520.0,0,306.0,High
4,5,1,4661.0,30,568.0,1,194.0,Low
7,3,2,2812.0,40,66.0,0,337.0,Low
4,2,2,2270.0,30,234.0,1,397.0,High
1,1,1,1129.0,15,236.0,0,84.0,High
1,3,2,1023.0,40,112.0,0,135.0,Low
7,1,1,897.0,40,377.0,0,216.0,High
2,3,1,1564.0,30,315.0,0,496.0,High
4,1,1,1259.0,15,231.0,0,140.0,Low
8,3,2,1645.0,0,390.0,0,407.0,High
6,3,1,3827.0,20,371.0,0,40.0,Low
5,4,1,1353.0,0,93.0,0,262.0,Medium
2,5,1,1325.0,0,490.0,0,122.0,Low
2,1,2,885.0,10,590.0,0,79.0,Low
2,2,1,1990.0,0,527.0,0,243.0,Low
1,2,2,721.0,30,202.0,1,449.0,Medium
7,3,2,2385.0,20,598.0,1,494.0,Low
8,4,1,3962.0,20,297.0,0,206.0,Low
2,1,1,1581.0,40,140.0,1,117.0,Medium
3,1,2,4562.0,25,449.0,1,15.0,Medium
1,4,1,2198.0,0,315.0,1,197.0,High
5,5,1,2270.0,5,35.0,0,357.0,Low
1,1,1,1084.0,20,482.0,0,341.0,High
8,5,1,7040.0,0,100.0,0,219.0,Low
4,2,2,3300.0,25,147.0,1,380.0,High
4,3,1,1752.0,25,70.0,0,115.0,Medium
6,5,1,1835.0,5,562.0,1,45.0,Low
7,2,2,3366.0,40,266.0,0,26.0,Medium
1,1,2,2044.0,30,263.0,0,226.0,High
8,2,1,1386.0,30,596.0,0,283.0,Medium
4,3,1,1927.0,25,569.0,0,33.0,Medium
4,2,1,373.0,20,81.0,0,154.0,High
7,4,1,390.0,20,358.0,1,22.0,Medium
6,4,2,497.0,15,28.0,1,408.0,Medium
4,3,1,1718.0,10,199.0,0,176.0,Medium
8,2,2,2143.0,5,250.0,1,104.0,Medium
2,4,2,2080.0,25,173.0,0,426.0,Low
2,1,2,2630.0,0,439.0,1,186.0,Low
6,5,2,623.0,10,489.0,1,414.0,Low
6,4,1,1695.0,5,473.0,1,424.0,Medium
5,3,1,552.0,20,405.0,0,366.0,Low
2,4,1,3712.0,15,333.0,1,116.0,Low
8,5,2,1413.0,20,387.0,1,127.0,Low
8,5,2,3769.0,40,188.0,1,459.0,Low
8,3,1,969.0,5,431.0,1,51.0,High
7,2,2,1855.0,20,298.0,0,477.0,Medium
1,1,1,1863.0,10,79.0,1,235.0,High
2,3,1,5198.0,5,567.0,1,95.0,High
7,3,1,1176.0,15,142.0,0,397.0,Low
8,5,1,2466.0,15,521.0,0,85.0,Low
2,4,2,1468.0,15,193.0,1,476.0,Low
5,4,1,2772.0,0,70.0,0,311.0,Medium
5,4,2,4526.0,25,340.0,0,89.0,Medium
2,1,1,2993.0,40,67.0,0,452.0,High
2,5,1,886.0,25,438.0,0,355.0,Low
4,4,1,2293.0,40,476.0,0,381.0,Low
6,5,1,3686.0,30,358.0,0,184.0,Low
1,3,2,2222.0,25,222.0,0,183.0,Low
8,2,1,719.0,10,415.0,0,133.0,Medium
4,3,1,4371.0,10,127.0,0,366.0,Medium
3,2,2,992.0,30,162.0,0,279.0,High
8,5,1,3490.0,10,81.0,1,84.0,Low
3,1,2,1765.0,5,61.0,0,164.0,Low
1,4,1,3734.0,10,290.0,1,169.0,Medium
4,1,2,2495.0,30,405.0,0,239.0,Low
1,3,1,1012.0,20,90.0,0,187.0,Low
1,4,1,1601.0,30,273.0,0,454.0,High
1,3,1,811.0,15,236.0,1,369.0,Medium
8,5,2,953.0,5,370.0,0,419.0,Low
2,2,1,957.0,0,77.0,1,310.0,Low
7,1,2,1363.0,10,492.0,0,105.0,High
2,1,1,1247.0,20,330.0,0,295.0,Medium
4,5,1,384.0,5,65.0,1,53.0,Low
2,1,1,1182.0,40,423.0,0,260.0,Medium
5,3,1,858.0,30,389.0,0,289.0,Low
4,5,1,2190.0,15,462.0,0,472.0,Low
2,5,1,1043.0,25,34.0,0,209.0,Low
8,1,2,1537.0,0,231.0,1,332.0,Low
4,4,1,2204.0,0,24.0,0,466.0,Low
8,4,2,443.0,40,344.0,0,397.0,Medium
7,2,1,921.0,20,253.0,1,147.0,High
3,1,1,2011.0,20,435.0,0,306.0,Medium
5,1,1,1541.0,25,386.0,1,433.0,High
7,1,1,2186.0,5,207.0,0,217.0,High
5,5,1,1677.0,40,180.0,0,74.0,Low
7,2,1,711.0,40,67.0,0,378.0,High
6,5,1,2153.0,40,343.0,1,253.0,Low
1,2,1,960.0,30,282.0,1,427.0,Medium
7,1,1,1441.0,10,182.0,0,16.0,High
6,3,1,3614.0,25,25.0,0,22.0,Low
5,1,1,1898.0,25,44.0,0,278.0,High
8,5,2,8061.0,0,169.0,0,363.0,Low
1,4,2,1954.0,0,209.0,0,371.0,Medium
5,3,1,495.0,40,489.0,0,13.0,Low
7,4,2,1903.0,30,249.0,1,311.0,Medium
8,5,1,2182.0,20,382.0,0,488.0,Low
6,2,1,2270.0,10,269.0,1,392.0,Medium
2,4,1,268.0,30,43.0,0,48.0,Low
4,1,2,2328.0,0,36.0,0,16.0,Low
7,2,2,1437.0,15,554.0,1,155.0,Medium
7,5,1,2029.0,25,69.0,1,312.0,Low
5,4,1,3507.0,40,194.0,0,487.0,High
8,2,2,1854.0,10,556.0,0,301.0,Medium
8,1,1,2792.0,20,362.0,1,34.0,Low
8,1,1,411.0,10,593.0,0,115.0,Low
4,1,1,3552.0,5,293.0,1,485.0,Medium
1,2,1,2298.0,5,201.0,1,456.0,Medium
4,4,2,2221.0,30,61.0,1,359.0,Low
4,1,1,3074.0,0,480.0,0,128.0,Low
1,2,2,2878.0,0,334.0,1,349.0,Low
5,1,2,1862.0,40,259.0,1,233.0,High
4,3,1,822.0,30,545.0,1,338.0,High
6,3,2,1289.0,25,80.0,0,262.0,Low
4,5,2,2273.0,0,464.0,1,301.0,Low
3,1,1,771.0,10,233.0,0,296.0,Medium
6,4,2,1809.0,20,518.0,0,158.0,Medium
8,2,2,691.0,0,467.0,0,60.0,Medium
1,4,1,2354.0,25,402.0,1,108.0,High
2,1,2,857.0,30,323.0,0,63.0,Medium
5,4,1,595.0,20,534.0,1,400.0,High
2,5,2,1231.0,10,522.0,0,44.0,Low
2,4,1,1583.0,15,298.0,0,177.0,Low
2,1,1,3258.0,30,65.0,1,13.0,Medium
3,3,1,754.0,5,103.0,0,481.0,Medium
8,5,1,2216.0,30,173.0,1,217.0,Low
3,2,1,1742.0,15,290.0,0,329.0,High
7,4,1,1139.0,25,83.0,1,126.0,Medium
4,3,2,2192.0,20,551.0,0,11.0,Medium
4,4,1,2246.0,25,581.0,0,216.0,Low
8,4,2,672.0,20,65.0,0,307.0,Low
7,5,2,1171.0,5,172.0,0,321.0,Low
4,1,1,1868.0,25,500.0,0,47.0,Low
2,2,1,1835.0,10,226.0,1,314.0,Medium
4,4,1,1584.0,10,310.0,0,130.0,Low
6,3,2,1159.0,15,67.0,1,191.0,Low
1,5,1,708.0,20,89.0,1,447.0,Low
2,3,1,365.0,20,28.0,0,417.0,High
5,5,1,581.0,25,146.0,0,246.0,Low
5,5,2,1136.0,40,113.0,1,266.0,Low
1,1,1,2811.0,0,124.0,1,270.0,High
2,3,2,3764.0,15,30.0,1,448.0,High
6,4,2,519.0,0,171.0,1,425.0,Medium
1,4,1,1636.0,30,531.0,0,324.0,High
4,5,2,1864.0,25,23.0,1,45.0,Low
1,2,2,1987.0,5,276.0,1,424.0,Medium
7,3,1,2098.0,5,302.0,0,129.0,Low
6,5,2,777.0,10,69.0,0,391.0,Low
3,4,1,1842.0,25,368.0,0,218.0,Medium
1,1,1,2811.0,15,64.0,0,42.0,High
6,2,2,1635.0,25,204.0,1,307.0,Medium
3,3,2,3413.0,0,388.0,1,497.0,Medium
6,1,2,2248.0,25,72.0,1,359.0,High
8,1,1,564.0,0,597.0,0,415.0,Medium
3,2,1,1509.0,5,579.0,1,321.0,High
7,4,2,5434.0,10,193.0,1,120.0,Medium
7,4,2,2102.0,10,549.0,0,279.0,Low
7,1,2,1961.0,5,326.0,0,256.0,High
6,2,2,2899.0,25,87.0,1,56.0,Medium
5,2,2,3236.0,20,46.0,1,261.0,Low
8,3,1,379.0,40,335.0,0,235.0,High
8,2,1,1647.0,40,492.0,1,264.0,High
6,1,1,1804.0,5,271.0,0,449.0,Medium
7,3,1,3727.0,30,332.0,0,290.0,Low
5,4,2,4986.0,40,439.0,1,132.0,High
5,4,1,1419.0,30,142.0,0,457.0,High
2,5,1,361.0,40,47.0,1,,Low
5,1,1,1515.0,0,77.0,0,288.0,Medium
7,2,1,2749.0,10,63.0,0,172.0,Low
7,5,1,473.0,20,349.0,1,76.0,Low
5,1,1,948.0,0,121.0,1,409.0,High
2,3,1,958.0,10,349.0,0,256.0,High
5,3,2,789.0,40,563.0,1,462.0,Medium
8,4,1,1823.0,25,586.0,0,,Medium
4,3,1,890.0,0,78.0,0,447.0,Medium
3,1,2,1592.0,10,315.0,1,331.0,Medium
8,3,1,2503.0,0,304.0,0,268.0,High
6,4,1,1214.0,10,379.0,0,136.0,Medium
1,1,2,1505.0,20,301.0,1,225.0,High
8,3,1,2222.0,15,313.0,1,245.0,High
6,1,1,981.0,25,384.0,1,347.0,High
3,1,1,2031.0,25,316.0,0,200.0,Medium
8,5,1,3081.0,5,481.0,0,187.0,Low
2,2,1,3397.0,30,484.0,1,263.0,Medium
8,4,2,717.0,20,550.0,1,273.0,Medium
2,5,2,706.0,10,545.0,1,316.0,Low
8,5,1,1370.0,10,208.0,0,131.0,Low
3,3,2,3811.0,40,489.0,0,334.0,Medium
1,5,1,666.0,40,66.0,1,404.0,Low
5,2,1,1832.0,30,197.0,1,85.0,Medium
6,4,1,1055.0,15,321.0,1,246.0,Medium
1,2,2,342.0,10,466.0,1,286.0,Medium
7,2,1,476.0,10,461.0,0,452.0,Medium
6,3,1,1800.0,10,479.0,1,54.0,Low
2,3,1,1181.0,30,423.0,1,23.0,High
1,5,1,2128.0,40,493.0,0,480.0,Low
1,2,2,927.0,5,143.0,1,146.0,Low
6,3,1,1862.0,20,102.0,1,316.0,Low
2,3,1,2764.0,0,249.0,0,107.0,High
7,4,1,950.0,20,61.0,0,227.0,Medium
2,2,2,608.0,15,233.0,0,119.0,Low
7,1,1,2178.0,5,408.0,1,465.0,High
8,4,2,1714.0,30,61.0,0,416.0,Low
1,2,1,2898.0,10,32.0,0,373.0,Low
2,3,1,826.0,10,95.0,1,82.0,High
8,3,2,3790.0,20,313.0,0,137.0,High
4,5,2,937.0,10,229.0,0,309.0,Low
1,4,1,1615.0,15,367.0,1,192.0,High
3,2,1,1353.0,15,101.0,1,321.0,High
5,4,2,3199.0,40,171.0,0,207.0,High
1,1,2,1066.0,10,197.0,0,240.0,High
8,3,1,1535.0,30,401.0,1,115.0,High
7,4,2,919.0,15,370.0,1,282.0,Medium
4,1,1,442.0,15,37.0,0,443.0,Medium
4,5,1,1852.0,0,485.0,0,213.0,Low
5,5,2,1478.0,30,246.0,0,393.0,Low
8,5,1,805.0,15,388.0,1,122.0,Low
4,1,2,2463.0,15,177.0,0,216.0,Low
8,4,1,628.0,25,286.0,0,211.0,Medium
6,2,2,737.0,30,566.0,0,307.0,High
4,2,1,911.0,30,409.0,0,207.0,High
8,4,1,1738.0,0,329.0,1,29.0,Medium
8,2,2,493.0,20,253.0,0,478.0,Medium
5,4,2,1503.0,20,430.0,0,404.0,High
7,3,2,640.0,0,317.0,0,362.0,Low
1,3,1,1295.0,30,477.0,0,78.0,Medium
7,4,1,1655.0,15,565.0,0,219.0,Low
8,3,1,1039.0,30,190.0,1,428.0,High
1,1,1,614.0,0,587.0,1,187.0,High
6,5,1,4442.0,15,115.0,1,188.0,Low
8,4,1,488.0,30,333.0,1,353.0,Medium
1,1,1,1646.0,40,114.0,1,186.0,High
7,5,1,1564.0,40,275.0,0,202.0,Low
7,2,2,3547.0,15,80.0,0,222.0,Low
8,4,1,1107.0,20,563.0,1,145.0,Medium
3,1,1,1909.0,30,469.0,0,246.0,High
4,3,2,890.0,25,161.0,0,457.0,High
6,2,2,1971.0,25,190.0,0,369.0,Medium
1,1,2,1671.0,30,245.0,0,469.0,High
8,1,2,2189.0,0,324.0,0,406.0,Low
1,5,2,2556.0,20,514.0,1,469.0,Low
7,2,2,2296.0,40,486.0,0,273.0,Medium
7,5,1,2329.0,10,547.0,1,466.0,Low
6,2,1,625.0,5,320.0,1,312.0,High
7,4,1,1698.0,10,182.0,0,119.0,Low
5,2,2,3018.0,20,212.0,1,98.0,Low
6,2,1,2224.0,30,80.0,0,132.0,Medium
4,5,1,1431.0,25,224.0,1,378.0,Low
4,2,2,943.0,10,75.0,1,384.0,High
8,3,1,1231.0,15,257.0,1,106.0,High
1,2,2,1668.0,40,534.0,1,338.0,Medium
3,4,1,4588.0,10,183.0,1,39.0,High
5,2,2,6165.0,30,23.0,1,453.0,Medium
1,4,1,6089.0,5,51.0,1,302.0,Medium
7,5,2,3558.0,0,49.0,0,345.0,Low
8,4,1,3465.0,30,591.0,1,130.0,Medium
4,4,1,4005.0,40,312.0,1,436.0,Medium
3,2,1,2218.0,20,539.0,1,97.0,High
2,1,2,607.0,0,432.0,1,269.0,Medium
2,5,2,1727.0,30,317.0,0,473.0,Low
8,3,1,1445.0,20,566.0,1,187.0,High
8,4,1,1905.0,20,266.0,0,267.0,Medium
4,4,1,1900.0,30,568.0,1,430.0,Medium
2,2,1,1736.0,0,439.0,0,241.0,Low
8,1,2,2622.0,15,596.0,0,235.0,Low
7,2,1,1385.0,40,321.0,1,402.0,High
8,1,1,983.0,40,55.0,1,346.0,Medium
1,5,1,2661.0,5,,0,456.0,Low
2,2,1,722.0,10,420.0,0,205.0,Low
4,1,2,3576.0,15,28.0,0,444.0,Low
2,2,1,1599.0,20,96.0,1,388.0,Medium
5,4,1,7259.0,15,538.0,1,466.0,High
6,2,1,2682.0,25,166.0,0,285.0,Medium
5,4,2,1866.0,25,522.0,0,236.0,Medium
3,2,2,1335.0,0,128.0,0,77.0,High
2,2,1,605.0,10,372.0,0,126.0,Low
4,4,2,2331.0,40,434.0,1,306.0,Medium
4,1,1,1819.0,30,85.0,1,298.0,Medium
2,2,2,2722.0,25,367.0,1,38.0,Low
6,1,1,409.0,30,361.0,0,496.0,High
4,5,1,1926.0,10,475.0,1,50.0,Low
2,4,2,2631.0,5,244.0,0,438.0,Low
7,3,1,3521.0,10,228.0,0,16.0,Low
5,1,1,2865.0,0,374.0,1,172.0,High
4,2,2,2070.0,0,83.0,0,166.0,High
6,1,1,321.0,15,133.0,0,376.0,High
6,2,1,2498.0,15,87.0,0,400.0,Medium
5,1,2,1159.0,5,297.0,0,275.0,High
1,2,1,1690.0,40,434.0,1,371.0,Medium
6,1,1,2940.0,25,408.0,1,351.0,High
3,1,2,2128.0,20,203.0,0,311.0,Medium
8,3,1,1977.0,25,225.0,0,261.0,High
5,4,2,1733.0,10,87.0,0,427.0,Medium
4,1,1,2151.0,40,392.0,1,174.0,Medium
5,3,1,3303.0,10,203.0,0,258.0,Low
5,3,1,1247.0,20,182.0,1,313.0,Low
2,2,2,8065.0,30,365.0,1,413.0,Low
5,1,1,1278.0,5,365.0,1,375.0,High
2,2,1,1174.0,20,179.0,1,176.0,Low
3,2,1,1920.0,0,468.0,0,301.0,High
4,5,1,2359.0,10,499.0,0,205.0,Low
8,1,1,2220.0,30,78.0,1,151.0,Low
3,4,2,2224.0,20,73.0,1,420.0,High
2,1,1,3420.0,0,265.0,1,49.0,Low
3,2,1,667.0,40,26.0,1,466.0,High
3,4,2,1988.0,25,98.0,0,278.0,High
4,1,1,706.0,0,71.0,1,227.0,Low
3,5,2,1553.0,5,193.0,1,427.0,Low
6,5,1,3291.0,0,81.0,0,183.0,Low
8,3,2,3780.0,0,429.0,1,452.0,High
7,3,2,2786.0,20,506.0,0,380.0,Low
1,4,2,2174.0,40,227.0,0,235.0,High
8,2,1,1149.0,40,250.0,0,189.0,High
2,2,1,3462.0,25,169.0,0,13.0,Low
3,3,1,1640.0,30,454.0,1,442.0,High
4,3,1,3239.0,0,359.0,0,,Medium
1,1,2,1008.0,30,215.0,0,407.0,High
8,1,2,2921.0,40,399.0,0,331.0,Medium
4,4,2,2630.0,0,216.0,1,433.0,Low
6,3,1,1394.0,20,270.0,1,160.0,Low
6,3,1,1631.0,0,248.0,1,300.0,Low
6,3,2,4801.0,10,331.0,1,159.0,Low
5,2,1,1512.0,20,300.0,0,398.0,Medium
8,4,2,5147.0,25,379.0,0,426.0,Medium
7,1,1,1358.0,5,326.0,0,288.0,High
8,3,2,2284.0,40,246.0,1,12.0,High
7,1,2,687.0,25,563.0,0,245.0,High
2,1,1,946.0,40,177.0,0,412.0,High
5,3,2,1285.0,0,180.0,0,469.0,Low
8,4,1,2230.0,40,521.0,1,41.0,Medium
1,5,1,2303.0,40,84.0,0,290.0,Low
1,1,1,1148.0,5,584.0,0,201.0,High
6,1,1,1263.0,40,314.0,1,404.0,High
5,5,1,1972.0,30,455.0,0,273.0,Low
3,2,2,828.0,5,389.0,0,94.0,High
3,5,1,1584.0,5,538.0,1,156.0,Low
8,1,1,2261.0,5,117.0,1,349.0,Low
3,2,1,3468.0,5,480.0,0,450.0,High
3,3,1,3422.0,40,409.0,0,307.0,Medium
1,2,1,2186.0,40,147.0,0,259.0,Medium
5,2,1,3923.0,0,508.0,0,333.0,Low
5,2,1,821.0,0,59.0,0,247.0,Low
5,2,2,1842.0,5,151.0,1,480.0,Medium
3,4,1,645.0,0,184.0,1,147.0,Medium
6,3,2,1274.0,0,266.0,0,350.0,Low
4,1,2,1501.0,20,503.0,0,361.0,Medium
8,3,1,2328.0,15,205.0,1,192.0,High
7,4,1,792.0,40,234.0,1,205.0,Medium
1,2,1,1335.0,10,212.0,1,470.0,Medium
4,5,1,2792.0,5,171.0,0,262.0,Low
8,3,1,1203.0,5,471.0,1,61.0,High
2,1,2,2000.0,0,298.0,0,179.0,Low
5,1,2,2360.0,40,220.0,0,200.0,High
6,4,1,2034.0,10,269.0,1,64.0,Medium
7,3,1,1368.0,10,90.0,0,164.0,Low
6,4,1,822.0,20,317.0,1,320.0,Medium
3,3,1,973.0,0,314.0,0,282.0,Low
5,4,1,1731.0,30,49.0,0,214.0,High
1,1,1,2854.0,0,354.0,0,112.0,High
3,4,1,2183.0,5,252.0,1,15.0,High
8,5,2,1063.0,25,147.0,1,365.0,Low
4,2,1,805.0,10,156.0,0,387.0,High
6,2,1,1573.0,30,238.0,0,243.0,Medium
6,3,2,1586.0,25,90.0,0,28.0,Low
1,2,2,1406.0,5,288.0,0,373.0,Low
4,1,1,574.0,10,44.0,1,276.0,Medium
5,5,1,549.0,10,449.0,0,341.0,Low
3,2,1,2701.0,15,566.0,1,470.0,High
3,5,1,1083.0,20,157.0,0,13.0,Low
1,1,1,956.0,0,29.0,1,373.0,High
5,3,2,840.0,15,222.0,0,284.0,Low
4,2,2,1843.0,10,259.0,1,259.0,High
1,2,1,308.0,40,406.0,1,475.0,High
1,1,1,2152.0,25,224.0,0,389.0,High
1,1,2,840.0,5,548.0,0,252.0,High
6,5,1,2343.0,20,301.0,1,421.0,Low
4,4,1,1870.0,20,526.0,0,43.0,Low
8,3,1,1312.0,20,360.0,1,361.0,High
6,4,1,2506.0,40,368.0,1,330.0,High
6,3,2,1409.0,0,543.0,1,115.0,Low
5,3,1,1345.0,25,559.0,0,461.0,Low
5,3,1,3314.0,30,77.0,1,352.0,Low
5,1,1,3134.0,20,24.0,1,402.0,High
1,5,1,1507.0,5,449.0,1,103.0,Low
1,3,1,4879.0,5,251.0,0,303.0,Low
8,4,1,3253.0,20,120.0,0,41.0,Low
7,1,2,5002.0,0,306.0,1,450.0,High
5,1,1,1735.0,30,95.0,1,485.0,High
4,5,2,904.0,10,576.0,1,122.0,Low
3,1,1,274.0,25,269.0,0,197.0,High
4,3,1,740.0,20,39.0,1,311.0,High
2,1,1,1801.0,20,26.0,1,56.0,Medium
5,3,1,4630.0,40,222.0,1,367.0,Medium
1,3,2,2376.0,20,386.0,1,116.0,Low
3,5,2,3212.0,10,531.0,1,257.0,Low
4,1,1,1089.0,30,353.0,1,383.0,Medium
1,5,1,1369.0,25,106.0,1,83.0,Low
4,5,1,603.0,25,596.0,0,137.0,Low
6,1,2,1518.0,30,490.0,1,269.0,High
3,1,1,1064.0,5,532.0,1,386.0,High
8,4,2,2369.0,25,420.0,0,43.0,Low
5,2,2,1641.0,5,537.0,0,270.0,Low
8,3,1,2311.0,10,362.0,1,173.0,High
4,4,1,5437.0,20,423.0,1,473.0,Low
1,1,1,2892.0,0,484.0,1,410.0,High
4,2,2,690.0,0,152.0,0,347.0,High
3,2,1,506.0,25,80.0,1,29.0,High
7,5,2,734.0,10,558.0,1,129.0,Low
4,4,2,633.0,25,26.0,0,30.0,Low
6,2,1,407.0,25,295.0,0,178.0,High
3,3,1,2112.0,30,354.0,1,403.0,High
5,4,2,1902.0,5,561.0,0,21.0,Low
8,3,1,652.0,40,240.0,0,499.0,High
7,3,1,3816.0,15,24.0,1,69.0,Low
3,1,1,1726.0,15,355.0,1,123.0,Medium
1,3,1,710.0,5,352.0,0,437.0,Low
6,2,1,1181.0,20,464.0,0,115.0,Medium
8,5,1,1470.0,0,459.0,0,178.0,Low
6,1,1,2701.0,25,568.0,0,411.0,High
3,5,1,3405.0,15,549.0,0,379.0,Low
8,5,1,6281.0,25,143.0,0,397.0,Low
7,3,1,432.0,10,441.0,1,368.0,Low
4,1,2,2361.0,20,584.0,0,231.0,Low
7,3,1,1839.0,25,88.0,0,165.0,Low
5,3,1,1243.0,25,280.0,1,472.0,Medium
7,5,1,4331.0,40,456.0,1,418.0,Low
6,2,1,1899.0,20,460.0,1,175.0,Medium
7,5,2,4021.0,0,79.0,0,286.0,Low
6,5,2,2644.0,10,599.0,0,373.0,Low
1,5,1,1746.0,10,521.0,0,134.0,Low
7,1,2,1387.0,20,548.0,0,497.0,High
2,1,2,539.0,15,96.0,0,493.0,Medium
1,5,1,2254.0,15,503.0,0,178.0,Low
4,3,1,1232.0,15,436.0,0,57.0,Medium
4,3,2,318.0,20,117.0,0,43.0,Medium
5,1,2,1893.0,25,559.0,0,311.0,High
6,1,2,1279.0,20,285.0,1,407.0,High
4,5,2,1607.0,15,27.0,1,126.0,Low
8,4,1,1590.0,5,157.0,1,20.0,Low
8,2,2,392.0,5,531.0,0,59.0,Medium
2,2,2,1774.0,30,57.0,0,53.0,Low
1,5,1,749.0,15,93.0,0,151.0,Low
8,2,1,2537.0,10,207.0,0,360.0,Medium
2,5,2,1031.0,25,512.0,0,208.0,Low
6,3,1,1308.0,0,420.0,1,253.0,Low
2,2,1,1347.0,20,538.0,1,384.0,Medium
3,1,2,1245.0,30,232.0,1,214.0,High
8,2,1,3687.0,30,66.0,1,169.0,High
7,2,1,539.0,10,24.0,1,387.0,Medium
4,2,2,1372.0,15,260.0,0,375.0,High
7,3,1,2423.0,15,457.0,1,122.0,Low
5,1,1,2030.0,0,212.0,1,23.0,High
6,1,1,620.0,25,294.0,1,115.0,High
7,3,1,1269.0,25,271.0,0,211.0,Low
7,1,2,1524.0,5,302.0,0,137.0,High
7,2,2,630.0,20,489.0,0,315.0,Medium
8,5,1,1809.0,10,424.0,0,215.0,Low
8,1,1,393.0,40,420.0,1,263.0,Medium
8,4,2,664.0,25,93.0,1,410.0,Medium
6,2,1,1629.0,40,351.0,0,372.0,Medium
3,2,2,326.0,5,269.0,1,481.0,High
7,3,1,2791.0,5,454.0,1,274.0,Low
2,5,1,397.0,0,426.0,0,440.0,Low
2,1,1,2758.0,40,51.0,0,17.0,Medium
3,4,1,1395.0,5,410.0,1,455.0,High
7,4,1,415.0,20,451.0,1,319.0,High
4,3,2,4874.0,10,571.0,0,349.0,Medium
3,3,1,1785.0,20,243.0,1,327.0,Medium
6,5,2,1211.0,10,143.0,0,227.0,Low
4,1,2,594.0,25,571.0,0,474.0,Medium
4,2,1,1263.0,40,511.0,0,104.0,High
3,1,1,2083.0,15,443.0,1,152.0,Medium
5,3,2,578.0,10,164.0,1,257.0,Low
8,5,2,519.0,25,545.0,1,186.0,Low
4,1,2,2576.0,0,573.0,1,61.0,Low
6,4,1,1956.0,10,186.0,0,225.0,Medium
4,1,1,794.0,25,96.0,0,83.0,Low
1,2,1,2536.0,15,33.0,1,175.0,Medium
5,3,2,2480.0,5,280.0,1,390.0,Low
8,3,1,1191.0,10,528.0,0,162.0,High
5,5,2,3544.0,10,356.0,1,401.0,Low
1,4,1,1627.0,5,31.0,0,190.0,High
2,2,1,5399.0,25,548.0,0,413.0,Medium
6,5,1,2349.0,25,177.0,1,402.0,Low
1,1,2,,30,83.0,1,329.0,High
3,5,1,1541.0,20,594.0,0,83.0,Low
2,4,2,2299.0,5,186.0,0,40.0,Low
3,5,1,1346.0,15,379.0,0,100.0,Low
6,3,1,1699.0,25,447.0,0,191.0,Low
2,2,1,1765.0,40,223.0,1,19.0,Low
6,1,2,926.0,30,143.0,0,430.0,High
5,5,1,4880.0,0,447.0,1,228.0,Low
2,2,1,2298.0,25,320.0,0,125.0,Low
8,3,1,1794.0,25,515.0,1,440.0,High
1,1,1,2391.0,30,349.0,0,420.0,High
4,2,1,1088.0,5,317.0,0,36.0,High
1,4,1,2456.0,25,443.0,1,402.0,High
8,4,1,740.0,25,401.0,0,194.0,Medium
4,5,1,2862.0,25,489.0,1,499.0,Medium
7,3,1,1420.0,25,164.0,1,198.0,Medium
4,4,1,2016.0,15,46.0,0,198.0,Low
5,4,2,568.0,15,33.0,0,217.0,Medium
7,2,1,632.0,40,90.0,0,14.0,Medium
6,4,1,1502.0,30,475.0,0,303.0,High
3,4,2,1159.0,25,172.0,0,435.0,High
1,1,1,1845.0,5,29.0,1,316.0,High
7,4,1,1729.0,25,84.0,0,253.0,Medium
7,3,2,824.0,30,135.0,0,413.0,Low
7,3,2,3674.0,20,181.0,0,217.0,Low
6,1,2,950.0,20,117.0,0,95.0,Medium
6,3,1,2529.0,40,183.0,0,337.0,Low
6,1,2,2676.0,20,57.0,0,416.0,High
3,4,1,3889.0,40,333.0,0,394.0,High
6,2,1,1395.0,15,574.0,0,126.0,Medium
2,3,1,228.0,30,328.0,1,469.0,High
7,2,1,2637.0,25,93.0,1,34.0,Medium
7,1,2,383.0,25,596.0,1,194.0,High
3,3,1,936.0,40,447.0,1,288.0,High
8,5,1,953.0,25,147.0,0,251.0,Low
6,4,2,729.0,25,146.0,0,194.0,Medium
8,3,1,3464.0,10,226.0,0,414.0,High
4,3,1,2812.0,40,376.0,0,106.0,High
1,1,2,2696.0,15,128.0,0,353.0,High
1,4,1,1845.0,25,486.0,1,223.0,High
3,1,2,1805.0,40,423.0,1,338.0,High
6,1,1,1989.0,15,441.0,1,340.0,High
3,1,1,279.0,0,471.0,1,75.0,Medium
4,3,2,1002.0,25,127.0,1,406.0,High
2,5,2,886.0,0,581.0,1,418.0,Low
2,2,2,887.0,0,510.0,1,498.0,Medium
3,5,2,3775.0,30,118.0,1,230.0,Low
7,3,1,675.0,40,192.0,1,105.0,Medium
2,4,1,2340.0,40,107.0,0,121.0,Low
7,4,1,1958.0,10,56.0,1,206.0,Medium
5,3,1,2184.0,20,506.0,0,70.0,Low
3,4,2,2812.0,5,451.0,1,187.0,High
4,3,1,1318.0,20,270.0,0,132.0,Medium
2,1,2,5442.0,0,120.0,0,233.0,Low
2,1,2,800.0,20,252.0,0,77.0,Medium
1,2,2,2207.0,25,385.0,0,54.0,Medium
3,2,1,1873.0,5,209.0,0,143.0,High
4,3,1,3685.0,25,159.0,1,55.0,High
4,1,2,1668.0,25,478.0,1,88.0,Low
6,4,1,4288.0,15,221.0,1,424.0,Medium
4,1,2,4794.0,25,496.0,0,422.0,Medium
5,2,1,3833.0,40,80.0,1,281.0,Medium
8,2,2,1779.0,40,121.0,0,381.0,High
2,3,1,4101.0,0,513.0,1,66.0,High
8,5,1,5302.0,0,413.0,0,373.0,Low
4,2,2,2241.0,10,489.0,1,492.0,High
3,5,1,639.0,0,300.0,0,117.0,Low
6,4,1,1159.0,25,101.0,1,80.0,Medium
7,1,1,3461.0,20,288.0,1,463.0,High
6,4,1,760.0,0,228.0,0,305.0,Medium
1,3,2,915.0,40,225.0,1,215.0,Medium
5,5,2,4841.0,5,298.0,0,166.0,Low
6,3,1,1391.0,15,345.0,1,317.0,Medium
7,1,2,1114.0,20,442.0,0,322.0,High
8,1,2,4988.0,0,285.0,0,337.0,Low
3,5,2,2800.0,40,42.0,1,36.0,Low
5,1,2,1734.0,40,465.0,0,388.0,High
8,3,1,1305.0,0,172.0,0,399.0,High
6,5,2,1609.0,20,588.0,0,373.0,Low
3,1,1,783.0,5,289.0,1,419.0,Medium
5,3,1,2917.0,15,223.0,0,171.0,Low
2,1,2,2351.0,15,431.0,0,291.0,Medium
4,2,2,1976.0,20,294.0,0,160.0,High
1,1,2,1148.0,40,509.0,0,318.0,High
4,2,1,723.0,5,135.0,0,34.0,High
2,4,2,552.0,5,407.0,1,428.0,Low
1,3,2,2168.0,5,473.0,1,244.0,Low
8,3,2,7079.0,15,303.0,0,113.0,High
1,5,2,1229.0,25,108.0,0,224.0,Low
5,1,1,1557.0,15,285.0,1,140.0,High
8,2,1,1977.0,10,298.0,1,114.0,Medium
8,5,2,2992.0,5,531.0,0,371.0,Low
2,2,1,1506.0,5,204.0,0,265.0,Low
8,2,1,2794.0,5,197.0,1,449.0,Medium
3,3,2,1408.0,30,233.0,0,314.0,Medium
2,1,1,1456.0,20,253.0,1,428.0,Medium
6,3,2,1341.0,30,462.0,1,180.0,Medium
6,5,2,992.0,40,89.0,1,289.0,Low
4,2,2,392.0,15,537.0,0,76.0,High
5,3,1,1783.0,25,219.0,0,19.0,Low
7,4,2,2658.0,0,453.0,1,370.0,Low
7,1,1,560.0,25,284.0,1,392.0,High
3,5,1,2749.0,30,160.0,0,204.0,Low
4,2,1,1973.0,30,440.0,1,376.0,High
7,5,2,1693.0,10,537.0,1,379.0,Low
7,4,1,1385.0,0,421.0,1,393.0,Medium
2,1,2,2946.0,30,397.0,1,379.0,High
3,1,1,1290.0,5,109.0,1,448.0,Medium
2,4,2,440.0,20,582.0,0,440.0,Low
2,2,2,1949.0,10,52.0,0,489.0,Low
1,2,1,2628.0,0,473.0,0,492.0,Medium
8,4,1,586.0,10,275.0,1,354.0,Medium
4,1,1,1667.0,0,492.0,1,230.0,Low
6,1,2,2113.0,40,591.0,1,192.0,High
3,5,2,723.0,5,57.0,0,27.0,Low
4,1,1,972.0,5,290.0,1,233.0,Medium
1,3,1,4013.0,30,418.0,0,446.0,Low
1,1,1,2385.0,20,305.0,0,293.0,High
6,4,2,3064.0,30,395.0,0,368.0,Medium
6,3,1,2880.0,15,539.0,1,91.0,Low
4,5,1,387.0,40,289.0,1,111.0,Low
6,5,1,3356.0,0,298.0,0,399.0,Low
3,4,2,479.0,20,255.0,0,478.0,High
4,2,2,2654.0,40,27.0,0,310.0,High
6,4,2,4681.0,5,22.0,0,184.0,Low
8,1,2,3183.0,10,371.0,0,308.0,Low
7,2,1,2541.0,20,375.0,1,92.0,Medium
3,5,2,1154.0,30,399.0,1,275.0,Low
1,5,1,1371.0,25,163.0,0,91.0,Low
1,2,1,6238.0,25,317.0,1,454.0,Medium
4,4,2,495.0,5,105.0,1,439.0,Low
7,5,2,788.0,20,158.0,1,117.0,Low
6,1,2,1476.0,30,262.0,1,354.0,High
4,1,1,2523.0,20,149.0,1,399.0,Medium
8,2,1,1574.0,30,510.0,1,175.0,High
7,1,1,1822.0,5,319.0,1,296.0,High
5,3,2,3126.0,20,129.0,0,24.0,Low
1,5,1,1107.0,15,168.0,0,334.0,Low
1,4,2,2338.0,5,459.0,0,379.0,Medium
8,5,1,2509.0,0,203.0,0,458.0,Low
4,3,2,2067.0,25,450.0,0,91.0,Medium
4,1,2,2861.0,20,433.0,1,439.0,Medium
2,2,1,4035.0,40,310.0,0,271.0,Medium
5,1,1,5452.0,0,480.0,1,113.0,High
3,2,2,716.0,10,289.0,1,227.0,High
4,2,2,3901.0,25,124.0,0,108.0,High
5,3,1,2883.0,40,193.0,0,69.0,Low
6,2,1,2074.0,40,483.0,1,285.0,High
7,1,1,234.0,20,36.0,0,56.0,High
3,5,1,3671.0,40,266.0,0,147.0,Low
5,1,1,2663.0,30,91.0,1,76.0,High
5,1,1,1523.0,30,535.0,0,404.0,High
6,4,2,2247.0,10,567.0,0,76.0,Medium
6,5,1,1297.0,0,479.0,1,164.0,Low
1,5,1,1977.0,30,43.0,1,19.0,Low
1,1,1,815.0,0,109.0,1,282.0,High
5,1,1,617.0,0,91.0,0,378.0,High
7,1,2,1348.0,20,420.0,0,348.0,High
2,3,1,2918.0,40,245.0,1,167.0,High
7,5,2,405.0,25,428.0,0,463.0,Low
8,4,2,525.0,5,236.0,0,454.0,Low
7,3,1,4166.0,15,89.0,0,35.0,Low
8,1,2,2785.0,0,139.0,0,335.0,Low
5,1,2,4707.0,15,443.0,1,121.0,High
8,1,2,2323.0,10,51.0,0,93.0,Low
4,3,1,2086.0,20,427.0,0,210.0,Medium
2,4,2,1832.0,40,107.0,1,357.0,Medium
2,2,2,3894.0,20,157.0,1,476.0,Low
6,5,1,1110.0,10,43.0,0,229.0,Low
1,5,1,992.0,20,365.0,1,427.0,Low
3,3,1,6038.0,10,90.0,0,164.0,Low
3,3,1,2556.0,10,259.0,0,216.0,Medium
4,2,2,5255.0,0,242.0,0,94.0,Medium
1,5,2,1356.0,30,71.0,1,391.0,Low
3,2,1,2925.0,30,316.0,0,366.0,High
5,1,1,1156.0,10,220.0,0,307.0,High
2,3,1,5216.0,30,160.0,1,223.0,High
7,4,2,671.0,5,30.0,0,224.0,Medium
5,1,2,1174.0,10,372.0,0,62.0,Medium
8,1,2,1372.0,5,184.0,0,334.0,Low
1,1,2,1510.0,10,178.0,0,251.0,High
2,5,1,1620.0,0,20.0,1,135.0,Low
3,1,2,634.0,30,545.0,0,368.0,High
8,4,1,704.0,40,145.0,1,179.0,Medium
2,1,1,1737.0,15,25.0,1,385.0,Medium
2,1,2,3610.0,30,584.0,1,333.0,Medium
4,4,1,978.0,0,86.0,0,15.0,Low
4,3,2,1727.0,5,434.0,1,495.0,High
5,2,1,1868.0,30,291.0,1,376.0,Medium
7,3,1,542.0,30,107.0,1,178.0,Low
5,3,1,1642.0,15,378.0,1,107.0,Medium
8,2,1,1702.0,5,492.0,0,269.0,Medium
3,3,1,4973.0,30,107.0,1,85.0,Medium
5,2,1,2547.0,5,249.0,0,44.0,Low
7,2,1,565.0,20,441.0,0,454.0,High
7,3,1,1748.0,20,592.0,1,15.0,Low
5,4,1,547.0,5,374.0,1,145.0,Medium
5,3,1,633.0,30,511.0,1,232.0,Medium
2,4,1,1956.0,15,137.0,1,94.0,Low
4,2,1,2223.0,20,567.0,1,440.0,High
5,1,2,1469.0,0,57.0,1,368.0,High
1,4,1,1511.0,40,338.0,1,374.0,High
5,4,1,1480.0,40,39.0,1,371.0,High
5,2,1,2173.0,25,507.0,0,16.0,Low
1,1,1,1515.0,0,530.0,0,93.0,High
6,3,1,1798.0,0,33.0,1,365.0,Low
1,3,2,2174.0,20,87.0,1,485.0,Low
6,4,1,1915.0,30,446.0,1,432.0,High
8,3,2,3365.0,15,26.0,0,311.0,High
6,3,2,900.0,15,255.0,0,158.0,Low
1,2,1,1200.0,25,495.0,0,87.0,Medium
8,3,2,1125.0,15,555.0,0,210.0,High
3,2,1,2528.0,30,253.0,1,188.0,High
5,2,1,2301.0,30,554.0,1,142.0,Medium
4,4,1,1335.0,0,534.0,0,346.0,Low
2,1,1,276.0,20,578.0,0,99.0,Medium
7,4,2,1643.0,30,,1,318.0,Medium
5,3,1,2982.0,0,42.0,0,444.0,Medium
1,3,1,3113.0,10,299.0,1,113.0,Low
7,4,1,1307.0,25,25.0,0,212.0,Medium
4,4,2,3763.0,5,206.0,0,264.0,Low
1,3,1,1668.0,15,167.0,0,281.0,Low
4,2,1,2240.0,40,43.0,1,157.0,High
1,2,1,3020.0,5,104.0,1,172.0,Medium
8,3,1,1517.0,30,359.0,0,152.0,High
1,2,1,481.0,0,467.0,0,290.0,Medium
8,5,1,2000.0,10,169.0,1,487.0,Low
5,4,1,3251.0,20,155.0,1,458.0,High
7,3,1,438.0,10,479.0,1,332.0,Medium
2,2,2,1896.0,5,347.0,0,173.0,Low
3,3,1,2786.0,10,34.0,0,322.0,Medium
6,2,1,1055.0,20,165.0,1,435.0,High
2,1,1,1288.0,25,336.0,0,485.0,Medium
6,3,2,2921.0,10,44.0,0,495.0,Low
5,5,1,581.0,25,556.0,0,434.0,Low
2,4,2,1049.0,25,96.0,0,336.0,Low
1,5,1,,40,203.0,0,116.0,Low
7,3,1,966.0,30,544.0,0,493.0,Medium
5,5,2,1333.0,10,159.0,1,36.0,Low
7,1,2,1021.0,5,276.0,0,122.0,High
8,4,1,923.0,40,93.0,1,384.0,High
3,3,1,774.0,20,506.0,1,423.0,Medium
3,1,1,1365.0,20,401.0,1,102.0,Medium
1,3,1,,20,427.0,0,87.0,Low
5,5,2,3178.0,15,281.0,0,332.0,Low
8,2,2,1024.0,20,320.0,0,218.0,Medium
6,4,2,358.0,15,160.0,1,48.0,Medium
2,4,1,558.0,10,367.0,0,222.0,Low
3,1,1,1922.0,40,518.0,0,384.0,Medium
2,2,1,6188.0,10,382.0,0,121.0,Low
5,4,2,765.0,30,168.0,1,322.0,High
6,1,1,1102.0,20,90.0,1,37.0,High
7,4,2,2035.0,25,427.0,0,178.0,Medium
8,3,1,423.0,30,568.0,0,231.0,High
7,2,1,815.0,0,94.0,1,461.0,Medium
8,3,1,1170.0,0,492.0,0,30.0,High
7,4,2,1766.0,5,170.0,0,433.0,Low
1,4,1,1705.0,40,492.0,0,11.0,High
4,2,1,438.0,0,567.0,1,470.0,High
5,4,2,4470.0,25,167.0,1,88.0,High
7,3,1,352.0,30,350.0,1,251.0,Low
1,1,1,612.0,25,36.0,0,278.0,High
3,1,2,873.0,40,490.0,0,384.0,High
4,1,2,1604.0,5,148.0,0,282.0,Low
4,2,1,2991.0,25,,0,237.0,High
2,4,1,1442.0,10,352.0,1,462.0,Medium
4,1,2,2083.0,10,49.0,0,102.0,Low
1,4,1,4054.0,30,490.0,0,299.0,High
1,3,2,2120.0,0,465.0,0,400.0,Low
5,4,1,1122.0,40,297.0,0,142.0,High
3,3,1,3138.0,30,91.0,1,258.0,Medium
2,5,1,4727.0,15,555.0,0,16.0,Low
7,2,1,3138.0,20,104.0,1,96.0,Medium
1,1,2,5960.0,25,453.0,0,188.0,High
6,1,1,836.0,5,507.0,0,168.0,Medium
4,3,1,1217.0,40,158.0,1,110.0,High
4,2,2,2185.0,30,371.0,0,114.0,High
6,2,1,1020.0,25,164.0,1,482.0,High
2,1,2,2726.0,40,109.0,0,483.0,High
1,5,2,1697.0,15,292.0,0,154.0,Low
3,5,2,2075.0,0,193.0,0,21.0,Low
8,4,1,4016.0,0,182.0,1,486.0,Medium
6,2,1,4286.0,5,424.0,1,234.0,Medium
6,3,2,4056.0,40,570.0,1,54.0,Medium
